_unit_id,_golden,_unit_state,_trusted_judgments,_last_judgment_at,birthplace,birthplace:confidence,date_of_birth,date_of_birth:confidence,race_ethnicity,race_ethnicity:confidence,religion,religion:confidence,sexual_orientation,sexual_orientation:confidence,year_of_award:confidence,year_of_award,award,movie,person,biourl,Winner or Nominee,race_ethnicity_gold,religion_gold,date_of_birth_gold,birthplace_gold,sexual_orientation_gold,year_of_award_gold
670454440,FALSE,finalized,3,2/10/15 2:04,"Rorschach, Switzerland",1,23-Jul-1884,1,White,1,Na,1,Bisexual,1,1,1928,Best Actor,The Last Command,Emil Jannings,http://www.nndb.com/people/738/000063549/,,,,,,,
670454353,FALSE,finalized,3,2/10/15 3:45,"Chisinau, Moldova",1,30-Sep-1895,1,White,1,Na,1,Straight,1,1,1928,Best Director (Comedy),Two Arabian Knights,Lewis Milestone,http://www.nndb.com/people/320/000043191/,,,,,,,
670454604,FALSE,finalized,3,2/10/15 1:57,"Philadelphia, Pa",1,6-Oct-06,1,White,1,Na,1,Straight,1,1,1928,Best Actress,7th Heaven,Janet Gaynor,http://www.nndb.com/people/129/000043000/,,,,,,,
,FALSE,finalized,3,2/10/15 1:48,"Salt Lake City, Ut",1,23-Apr-1894,1,White,1,Roman Catholic,1,Straight,1,1,1928,Best Director (Drama),7th Heaven,Frank Borzage,http://www.nndb.com/people/292/000044160/,,,,,,,
670454354,FALSE,finalized,3,2/10/15 2:03,"Glasgow, Scotland",1,2-Feb-1886,1,White,1,Na,1,Straight,0.6842,1,1929,Best Director,The Divine Lady,Frank Lloyd,http://www.nndb.com/people/626/000042500/,,,,,,,
670454441,FALSE,finalized,3,2/10/15 1:58,"Columbus, Oh",1,29-Mar-1889,1,White,1,Na,1,Straight,1,1,1929,Best Actor,In Old Arizona,Warner Baxter,http://www.nndb.com/people/739/000063550/,,,,,,,
670454605,FALSE,finalized,3,2/10/15 1:51,"Toronto, Ontario, Canada",1,8-Apr-1892,1,White,1,Na,1,Straight,1,1,1929,Best Actress,Coquette,Mary Pickford,http://www.nndb.com/people/683/000042557/,,,,,,,
670454355,FALSE,finalized,3,2/10/15 2:05,"Chisinau, Moldova",1,30-Sep-1895,1,White,1,Na,1,Straight,1,0.6667,1930,Best Director,All Quiet on the Western Front,Lewis Milestone,http://www.nndb.com/people/320/000043191/,,,,,,,
670454442,FALSE,finalized,3,2/10/15 2:41,"London, England",1,10-Apr-1868,1,White,1,Na,0.6897,Straight,1,1,1930,Best Actor,Desraeli,George Arliss,http://www.nndb.com/people/740/000063551/,,,,,,,
670454606,FALSE,finalized,3,2/10/15 2:03,"Montreal, Quebec, Canada",1,10-Aug-1902,1,White,1,Na,1,Straight,1,1,1930,Best Actress,The Divorcee,Norma Shearer,http://www.nndb.com/people/813/000063624/,,,,,,,
670454356,FALSE,finalized,3,2/10/15 2:04,"Chicago, Il",1,23-Feb-1899,1,White,1,Na,1,Straight,1,1,1931,Best Director,Skippy,Norman Taurog,http://www.nndb.com/people/544/000041421/,,,,,,,
670454443,FALSE,finalized,3,2/10/15 2:04,"Philadelphia, Pa",1,28-Apr-1878,1,White,1,Roman Catholic,1,Straight,1,1,1931,Best Actor,A Free Soul,Lionel Barrymore,http://www.nndb.com/people/741/000043612/,,,,,,,
670454607,FALSE,finalized,3,2/10/15 2:05,"Cobourg, Ontario, Canada",1,2-Nov-1868,1,White,1,Na,1,Straight,1,1,1931,Best Actress,Min and Bill,Marie Dressler,http://www.nndb.com/people/814/000063625/,,,,,,,
670454357,FALSE,finalized,3,2/10/15 1:48,"Salt Lake City, Ut",1,23-Apr-1894,1,White,1,Roman Catholic,1,Straight,1,1,1932,Best Director,Bad Girl,Frank Borzage,http://www.nndb.com/people/292/000044160/,,,,,,,
670454444,FALSE,finalized,3,2/10/15 1:59,"Kansas City, Mo",1,1-Apr-1885,1,White,1,Na,1,Straight,1,1,1932,Best Actor,The Champ,Wallace Beery,http://www.nndb.com/people/976/000043847/,,,,,,,
670454608,FALSE,finalized,3,2/10/15 1:49,"Washington, Dc",1,10-Oct-1900,1,White,1,Na,1,Straight,1,1,1932,Best Actress,The Sin of Madelon Claudet,Helen Hayes,http://www.nndb.com/people/908/000031815/,,,,,,,
,,,,,"Racine, Wi",1,31-Aug-1897,1,White,1,Na,1,Straight,1,1,1932,Best Actor,Dr. Jekyll and Mr. Hyde,Fredric March,http://www.nndb.com/people/255/000043126/,,,,,,,
670454609,FALSE,finalized,3,2/10/15 4:06,"Hartford, Ct",1,12-May-07,1,White,1,Atheist,1,Bisexual,1,1,1933,Best Actress,Morning Glory,Katharine Hepburn,http://www.nndb.com/people/775/000023706/,,,,,,,
670454445,FALSE,finalized,3,2/10/15 2:19,"Victoria Hotel, Scarborough, Yorkshire, England",1,1-Jul-1899,1,White,1,Roman Catholic,1,Gay,1,1,1933,Best Actor,The Private Life of Henry VIII,Charles Laughton,http://www.nndb.com/people/884/000042758/,,,,,,,
670454358,FALSE,finalized,3,2/10/15 3:50,"Glasgow, Scotland",1,2-Feb-1886,1,White,1,Na,1,Straight,1,1,1933,Best Director,Cavalcade,Frank Lloyd,http://www.nndb.com/people/626/000042500/,,,,,,,
670454359,FALSE,finalized,3,2/10/15 2:07,"Bisacquino, Sicily, Italy",1,18-May-1897,1,White,1,Roman Catholic,1,Straight,1,1,1934,Best Director,It Happened One Night,Frank Capra,http://www.nndb.com/people/459/000032363/,,,,,,,
670454446,FALSE,finalized,3,2/10/15 2:08,"Cadiz, Oh",1,1-Feb-1901,1,White,1,Na,1,Straight,1,1,1934,Best Actor,It Happened One Night,Clark Gable,http://www.nndb.com/people/156/000027075/,,,,,,,
670454610,FALSE,finalized,3,2/10/15 1:59,"Paris, France",1,13-Sep-1903,1,White,1,Na,1,Straight,1,1,1934,Best Actress,It Happened One Night,Claudette Colbert,http://www.nndb.com/people/935/000043806/,,,,,,,
670454360,FALSE,finalized,3,2/10/15 1:46,"Cape Elizabeth, Me",1,1-Feb-1894,1,White,1,Roman Catholic,1,Bisexual,1,1,1935,Best Director,The Informer,John Ford,http://www.nndb.com/people/458/000032362/,,,,,,,
670454447,FALSE,finalized,3,2/10/15 2:05,"Tunbridge Wells, Kent, England",1,11-Dec-1883,1,White,1,Anglican/episcopalian,1,Straight,1,1,1935,Best Actor,The Informer,Victor McLaglen,http://www.nndb.com/people/452/000047311/,,,,,,,
670454611,FALSE,finalized,3,2/10/15 2:03,"Lowell, Ma",1,5-Apr-08,1,White,1,Na,1,Straight,1,1,1935,Best Actress,Dangerous,Bette Davis,http://www.nndb.com/people/457/000026379/,,,,,,,
670454361,FALSE,finalized,3,2/10/15 1:47,"Bisacquino, Sicily, Italy",1,18-May-1897,1,White,1,Roman Catholic,1,Straight,1,1,1936,Best Director,Mr. Deeds Goes to Town,Frank Capra,http://www.nndb.com/people/459/000032363/,,,,,,,
670454448,FALSE,finalized,3,2/10/15 2:06,"Lviv, Ukraine",1,22-Sep-1895,1,White,1,Jewish,1,Straight,1,1,1936,Best Actor,The Story of Louis Pasteur,Paul Muni,http://www.nndb.com/people/741/000063552/,,,,,,,
670454612,FALSE,finalized,3,2/10/15 2:11,"Dusseldorf, Germany",1,12-Jan-10,1,White,1,Jewish,1,Straight,1,1,1936,Best Actress,The Great Ziegfeld,Luise Rainer,http://www.nndb.com/people/796/000030706/,,,,,,,
,,,,,"Swampscott, Ma",1,25-Jul-1894,1,White,1,Roman Catholic,1,Straight,1,1,1936,Best Supporting Actor,Come and Get It,Walter Brennan,http://www.nndb.com/people/347/000032251/,,,,,,,
,,,,,"Litchfield, Mn",1,15-Feb-1899,1,White,1,Na,1,Straight,1,1,1936,Best Supporting Actress,Anthony Adverse,Gale Sondergaard,http://www.nndb.com/people/062/000063870/,,,,,,,
670454362,FALSE,finalized,3,2/10/15 2:05,"Los Angeles, Ca",1,3-Oct-1898,1,White,1,Na,1,Straight,1,1,1937,Best Director,The Awful Truth,Leo McCarey,http://www.nndb.com/people/380/000044248/,,,,,,,
670454449,FALSE,finalized,3,2/10/15 4:07,"Milwaukee, Wi",1,5-Apr-1900,1,White,1,Roman Catholic,1,Straight,1,1,1937,Best Actor,Captains Courageous,Spencer Tracy,http://www.nndb.com/people/979/000024907/,,,,,,,
670454527,FALSE,finalized,3,2/10/15 1:48,"Vienna, Austria",1,22-Mar-1896,1,White,1,Na,1,Straight,1,1,1937,Best Supporting Actor,The Life of Emile Zola,Joseph Schildkraut,http://www.nndb.com/people/115/000063923/,,,,,,,
670454613,FALSE,finalized,3,2/10/15 3:58,"Dusseldorf, Germany",1,12-Jan-10,1,White,1,Jewish,1,Straight,1,1,1937,Best Actress,The Good Earth,Luise Rainer,http://www.nndb.com/people/796/000030706/,,,,,,,
670454692,FALSE,finalized,3,2/10/15 1:57,"New York City, Ny",1,2-Nov-1892,1,White,1,Na,1,Straight,1,1,1937,Best Supporting Actress,In Old Chicago,Alice Brady,http://www.nndb.com/people/079/000063887/,,,,,,,
670454363,FALSE,finalized,3,2/10/15 2:04,"Bisacquino, Sicily, Italy",1,18-May-1897,1,White,1,Roman Catholic,1,Straight,1,1,1938,Best Director,You Can't Take It with You,Frank Capra,http://www.nndb.com/people/459/000032363/,,,,,,,
670454450,FALSE,finalized,3,2/10/15 2:06,"Milwaukee, Wi",1,5-Apr-1900,1,White,1,Roman Catholic,1,Straight,1,1,1938,Best Actor,Boys Town,Spencer Tracy,http://www.nndb.com/people/979/000024907/,,,,,,,
670454528,FALSE,finalized,3,2/10/15 1:59,"Swampscott, Ma",1,25-Jul-1894,1,White,1,Na,1,Straight,1,1,1938,Best Supporting Actor,Kentucky,Walter Brennan,http://www.nndb.com/people/347/000032251/,,,,,,,
670454614,FALSE,finalized,3,2/10/15 1:43,"Lowell, Ma",1,5-Apr-08,1,White,1,Na,1,Straight,1,1,1938,Best Actress,Jezebel,Bette Davis,http://www.nndb.com/people/457/000026379/,,,,,,,
670454693,FALSE,finalized,3,2/10/15 2:03,"Los Angeles, Ca",1,7-Dec-1891,1,White,1,Na,1,Straight,1,1,1938,Best Supporting Actress,Jezebel,Fay Bainter,http://www.nndb.com/people/074/000063882/,,,,,,,
670454694,FALSE,finalized,3,2/10/15 3:53,"Wichita, Ks",1,10-Jun-1893,1,Black,1,Christian,1,Matter of Dispute,1,1,1939,Best Supporting Actress,Gone with the Wind,Hattie McDaniel,http://www.nndb.com/people/077/000063885/,,,,,,,
670454364,FALSE,finalized,3,2/10/15 2:10,"Pasadena, Ca",1,23-Feb-1883,1,White,1,Na,1,Straight,1,1,1939,Best Director,Gone with the Wind,Victor Fleming,http://www.nndb.com/people/416/000041293/,,,,,,,
670454451,FALSE,finalized,3,2/10/15 2:00,"Withington, Manchester, England",1,18-Mar-05,1,White,1,Na,1,Straight,1,1,1939,Best Actor,Goodbye Mr. Chips,Robert Donat,http://www.nndb.com/people/742/000063553/,,,,,,,
670454529,FALSE,finalized,3,2/10/15 3:58,"Elizabeth, Nj",1,11-Jul-1892,1,White,1,Na,1,Straight,1,1,1939,Best Supporting Actor,Stagecoach,Thomas Mitchell,http://www.nndb.com/people/116/000063924/,,,,,,,
670454615,FALSE,finalized,3,2/10/15 2:29,"Darjeeling, India",1,5-Nov-13,1,White,1,Roman Catholic,1,Straight,1,1,1939,Best Actress,Gone with the Wind,Vivien Leigh,http://www.nndb.com/people/470/000022404/,,,,,,,
670454365,FALSE,finalized,3,2/10/15 2:12,"Cape Elizabeth, Me",1,1-Feb-1894,1,White,1,Roman Catholic,1,Bisexual,1,1,1940,Best Director,The Grapes of Wrath,John Ford,http://www.nndb.com/people/458/000032362/,,,,,,,
670454452,FALSE,finalized,3,2/10/15 2:12,"Indiana, Pa",1,20-May-08,1,White,1,Presbyterian,1,Straight,1,1,1940,Best Actor,The Philadelphia Story,Jimmy Stewart,http://www.nndb.com/people/659/000026581/,,,,,,,
670454530,FALSE,finalized,3,2/10/15 3:50,"Swampscott, Ma",1,25-Jul-1894,1,White,1,Na,1,Straight,1,1,1940,Best Supporting Actor,The Westerner,Walter Brennan,http://www.nndb.com/people/347/000032251/,,,,,,,
670454695,FALSE,finalized,3,2/10/15 1:59,"Palmyra, Mo",1,15-Oct-1879,1,White,1,Na,1,Straight,1,1,1940,Best Supporting Actress,The Grapes of Wrath,Jane Darwell,http://www.nndb.com/people/078/000063886/,,,,,,,
670939613,FALSE,finalized,3,2/10/15 1:53,"Independence, Mo",1,16-Jul-11,1,White,1,Christian Science,1,Straight,1,1,1940,Best Actress,Kitty Foyle,Ginger Rogers,http://www.nndb.com/people/635/000043506/,,,,,,,
670454366,FALSE,finalized,3,2/10/15 2:02,"Cape Elizabeth, Me",1,1-Feb-1894,1,White,1,Roman Catholic,1,Bisexual,1,1,1941,Best Director,How Green Was My Valley,John Ford,http://www.nndb.com/people/458/000032362/,,,,,,,
670454453,FALSE,finalized,3,2/10/15 3:48,"Helena, Mt",1,7-May-1901,1,White,1,Roman Catholic,1,Straight,1,1,1941,Best Actor,Sergeant York,Gary Cooper,http://www.nndb.com/people/740/000031647/,,,,,,,
670454531,FALSE,finalized,3,2/10/15 4:07,"London, England",1,27-Jul-1880,1,White,1,Na,1,Straight,1,1,1941,Best Supporting Actor,How Green Was My Valley,Donald Crisp,http://www.nndb.com/people/689/000031596/,,,,,,,
670454617,FALSE,finalized,3,2/10/15 4:07,"Tokyo, Japan",1,22-Oct-17,1,White,1,Na,1,Straight,1,1,1941,Best Actress,Suspicion,Joan Fontaine,http://www.nndb.com/people/487/000026409/,,,,,,,
670454696,TRUE,golden,91,,"Quincy, Il",1,3-May-06,1,White,1,Roman Catholic,1,Straight,1,1,1941,Best Supporting Actress,The Great Lie,Mary Astor,http://www.nndb.com/people/690/000042564/,,,Roman Catholic,,"Quincy, Il",,1942
670454367,FALSE,finalized,3,2/10/15 3:57,"Mulhouse, Haut-Rhin, Alsace, France",1,1-Jul-1902,1,White,1,Na,1,Straight,1,1,1942,Best Director,Mrs. Miniver,William Wyler,http://www.nndb.com/people/463/000032367/,,,,,,,
670454454,FALSE,finalized,3,2/10/15 1:51,"Manhattan, Ny",1,17-Jul-1899,1,White,1,Roman Catholic,1,Straight,1,1,1942,Best Actor,Yankee Doodle Dandy,James Cagney,http://www.nndb.com/people/798/000024726/,,,,,,,
670454532,TRUE,golden,90,,"Walters, Ok",1,13-Dec-10,1,White,1,Na,1,Straight,1,1,1942,Best Supporting Actor,Johnny Eager,Van Heflin,http://www.nndb.com/people/680/000042554/,,,Na,,,,
670454618,FALSE,finalized,3,2/10/15 1:59,"London, England",1,29-Sep-04,1,White,1,Na,1,Straight,1,1,1942,Best Actress,Mrs. Miniver,Greer Garson,http://www.nndb.com/people/293/000044161/,,,,,,,
670454697,FALSE,finalized,3,2/10/15 2:16,"New York City, Ny",1,27-Oct-18,1,White,1,Na,1,Straight,0.6667,1,1942,Best Supporting Actress,Mrs. Miniver,Teresa Wright,http://www.nndb.com/people/580/000045445/,,,,,,,
670454368,FALSE,finalized,3,2/10/15 2:02,"Budapest, Hungary",1,24-Dec-1886,1,White,1,Na,1,Straight,1,1,1943,Best Director,Casablanca,Michael Curtiz,http://www.nndb.com/people/676/000032580/,,,,,,,
670454455,FALSE,finalized,3,2/10/15 2:05,"Budapest, Hungary",1,26-May-1887,1,White,1,Na,1,Straight,1,1,1943,Best Actor,Watch on the Rhine,Paul Lukas,http://www.nndb.com/people/713/000042587/,,,,,,,
670454533,FALSE,finalized,3,2/10/15 1:56,"Savannah, Ga",1,17-Jun-1877,1,White,1,Na,1,Straight,1,1,1943,Best Supporting Actor,The More the Merrier,Charles Coburn,http://www.nndb.com/people/127/000063935/,,,,,,,
670454619,FALSE,finalized,3,2/10/15 2:14,"Tulsa, Ok",1,2-Mar-19,1,White,1,Roman Catholic,1,Straight,1,1,1943,Best Actress,The Song of Bernadette,Jennifer Jones,http://www.nndb.com/people/809/000063620/,,,,,,,
670454698,FALSE,finalized,3,2/10/15 2:10,"Athens, Greece",1,17-Dec-1900,1,White,1,Na,1,Straight,1,1,1943,Best Supporting Actress,For Whom the Bell Tolls,Katina Paxinou,http://www.nndb.com/people/080/000063888/,,,,,,,
670454534,FALSE,finalized,3,2/10/15 2:16,"Dublin, Ireland",1,10-Mar-1888,1,White,1,Protestant,1,Na,1,1,1944,Best Supporting Actor,Going My Way,Barry Fitzgerald,http://www.nndb.com/people/126/000063934/,,,,,,,
670454369,FALSE,finalized,3,2/10/15 2:29,"Los Angeles, Ca",1,3-Oct-1898,1,White,1,Na,1,Straight,1,1,1944,Best Director,Going My Way,Leo McCarey,http://www.nndb.com/people/380/000044248/,,,,,,,
670454456,FALSE,finalized,3,2/10/15 2:03,"Tacoma, Wa",1,3-May-1903,1,White,1,Roman Catholic,0.6667,Straight,1,1,1944,Best Actor,Going My Way,Bing Crosby,http://www.nndb.com/people/651/000026573/,,,,,,,
670454620,FALSE,finalized,3,2/10/15 2:04,"Stockholm, Sweden",1,29-Aug-15,1,White,1,Na,1,Straight,1,1,1944,Best Actress,Gaslight,Ingrid Bergman,http://www.nndb.com/people/836/000024764/,,,,,,,
670454699,FALSE,finalized,3,2/10/15 1:43,"Philadelphia, Pa",1,15-Aug-1879,1,White,1,Roman Catholic,1,Straight,1,1,1944,Best Supporting Actress,None but the Lonely Heart,Ethel Barrymore,http://www.nndb.com/people/743/000043614/,,,,,,,
670454621,FALSE,finalized,3,2/10/15 4:08,"San Antonio, Tx",1,23-Mar-05,1,White,1,Christian Science,1,Bisexual,1,1,1945,Best Actress,Mildred Pierce,Joan Crawford,http://www.nndb.com/people/837/000031744/,,,,,,,
670454371,FALSE,finalized,3,2/10/15 4:02,"Sucha, Galicia, Austria",0.6667,22-Jun-06,1,White,1,Jewish,1,Straight,1,1,1945,Best Director,The Lost Weekend,Billy Wilder,http://www.nndb.com/people/982/000024910/,,,,,,,
670454457,FALSE,finalized,3,2/10/15 2:41,"Neath, Wales",1,3-Jan-07,1,White,1,Na,0.6897,Straight,1,0.6897,1945,Best Actor,The Lost Weekend,Ray Milland,http://www.nndb.com/people/814/000042688/,,,,,,,
670454535,FALSE,finalized,3,2/10/15 3:51,"New York City, Ny",1,2-Nov-1901,1,White,1,Na,1,Straight,1,1,1945,Best Supporting Actor,A Tree Grows in Brooklyn,James Dunn,http://www.nndb.com/people/125/000063933/,,,,,,,
670944623,FALSE,finalized,3,2/10/15 2:11,"New York City, Ny",1,25-Jun-1903,1,White,1,Na,1,Straight,1,1,1945,Best Supporting Actress,National Velvet,Anne Revere,http://www.nndb.com/people/081/000063889/,,,,,,,
670454372,FALSE,finalized,3,2/10/15 2:12,"Mulhouse, Haut-Rhin, Alsace, France",1,1-Jul-1902,1,White,1,Na,1,Straight,1,1,1946,Best Director,The Best Years of Our Lives,William Wyler,http://www.nndb.com/people/463/000032367/,,,,,,,
670454458,FALSE,finalized,3,2/10/15 1:59,"Racine, Wi",1,31-Aug-1897,1,White,1,Na,1,Straight,1,1,1946,Best Actor,The Best Years of Our Lives,Fredric March,http://www.nndb.com/people/255/000043126/,,,,,,,
670454536,FALSE,finalized,3,2/10/15 2:04,"North Sydney, Nova Scotia, Canada",1,14-Jan-14,1,White,1,Na,1,Straight,1,1,1946,Best Supporting Actor,The Best Years of Our Lives,Harold Russell,http://www.nndb.com/people/124/000063932/,,,,,,,
670454622,FALSE,finalized,3,2/10/15 1:47,"Tokyo, Japan",1,1-Jul-16,1,White,1,Na,1,Straight,1,1,1946,Best Actress,To Each His Own,Olivia de Havilland,http://www.nndb.com/people/741/000022675/,,,,,,,
670454701,FALSE,finalized,3,2/10/15 4:21,"Michigan City, In",1,7-May-23,1,White,1,Na,1,Straight,1,1,1946,Best Supporting Actress,The Razor's Edge,Anne Baxter,http://www.nndb.com/people/458/000026380/,,,,,,,
670454537,FALSE,finalized,3,2/10/15 2:07,"Vale of Glamorgan, Wales",1,26-Sep-1875,0.6667,White,1,Na,1,Na,1,1,1947,Best Supporting Actor,Miracle on 34th Street,Edmund Gwenn,http://www.nndb.com/people/123/000063931/,,,,,,,
670454373,FALSE,finalized,3,2/10/15 1:46,"Istanbul, Turkey",1,7-Sep-09,1,White,1,Na,1,Straight,1,1,1947,Best Director,Gentleman's Agreement,Elia Kazan,http://www.nndb.com/people/537/000026459/,,,,,,,
670454459,FALSE,finalized,3,2/10/15 2:02,"Richmond, Surrey, England",1,9-Feb-1891,1,White,1,Na,1,Straight,1,1,1947,Best Actor,A Double Life,Ronald Colman,http://www.nndb.com/people/619/000042493/,,,,,,,
670454623,FALSE,finalized,3,2/10/15 2:00,"Salt Lake City, Ut",1,6-Jan-13,1,White,1,Roman Catholic,1,Straight,1,1,1947,Best Actress,The Farmer's Daughter,Loretta Young,http://www.nndb.com/people/089/000031993/,,,,,,,
670454702,FALSE,finalized,3,2/10/15 2:41,"New York City, Ny",1,29-Apr-17,1,White,1,Na,0.6897,Straight,1,1,1947,Best Supporting Actress,Gentleman's Agreement,Celeste Holm,http://www.nndb.com/people/084/000063892/,,,,,,,
670454460,FALSE,finalized,3,2/10/15 2:03,"Dorking, Surrey, England",1,22-May-07,1,White,1,Na,1,Bisexual,1,1,1948,Best Actor,Hamlet,Laurence Olivier,http://www.nndb.com/people/607/000022541/,,,,,,,
670454374,TRUE,golden,82,,"Nevada, Mo",1,5-Aug-06,1,White,1,Na,1,Straight,1,1,1948,Best Director,The Treasure of the Sierra Madre,John Huston,http://www.nndb.com/people/704/000024632/,,,,5-Aug-06,,,
670454538,FALSE,finalized,3,2/10/15 2:05,"Toronto, Ontario, Canada",1,6-Apr-1884,1,White,1,Na,1,Straight,1,1,1948,Best Supporting Actor,The Treasure of the Sierra Madre,Walter Huston,http://www.nndb.com/people/122/000063930/,,,,,,,
670454624,FALSE,finalized,3,2/10/15 2:18,"St. Joseph, Mo",1,5-Jan-17,1,White,1,Roman Catholic,1,Straight,1,1,1948,Best Actress,Johnny Belinda,Jane Wyman,http://www.nndb.com/people/656/000022590/,,,,,,,
670454703,FALSE,finalized,3,2/10/15 4:02,"New York City, Ny",1,8-Mar-10,1,White,1,Na,1,Straight,1,1,1948,Best Supporting Actress,Key Largo,Claire Trevor,http://www.nndb.com/people/085/000063893/,,,,,,,
670454375,FALSE,finalized,3,2/10/15 3:50,"Wilkes-Barre, Pa",1,11-Feb-09,1,White,1,Jewish,1,Straight,1,1,1949,Best Director,A Letter to Three Wives,Joseph L. Mankiewicz,http://www.nndb.com/people/723/000032627/,,,,,,,
670454461,FALSE,finalized,3,2/10/15 4:06,"Philadelphia, Pa",1,9-Dec-11,1,White,1,Na,1,Straight,1,1,1949,Best Actor,All The King's Men,Broderick Crawford,http://www.nndb.com/people/744/000063555/,,,,,,,
670454539,FALSE,finalized,3,2/10/15 2:18,"Lima, Oh",1,7-Nov-1903,1,White,1,Na,1,Straight,1,1,1949,Best Supporting Actor,Twelve O'Clock High,Dean Jagger,http://www.nndb.com/people/121/000063929/,,,,,,,
670454625,FALSE,finalized,3,2/10/15 2:10,"Tokyo, Japan",1,1-Jul-16,1,White,1,Na,1,Straight,1,1,1949,Best Actress,The Heiress,Olivia de Havilland,http://www.nndb.com/people/741/000022675/,,,,,,,
670454704,FALSE,finalized,3,2/10/15 4:08,"Joliet, Il",1,17-Mar-16,1,White,1,Roman Catholic,1,Straight,1,1,1949,Best Supporting Actress,All the King's Men,Mercedes McCambridge,http://www.nndb.com/people/086/000063894/,,,,,,,
670454462,FALSE,finalized,3,2/10/15 1:53,"Santurce, Puerto Rico",1,8-Jan-09,1,Hispanic,1,Na,1,Straight,1,1,1950,Best Actor,Cyrano de Bergerac,Jose Ferrer,http://www.nndb.com/people/311/000026233/,,,,,,,
670454376,FALSE,finalized,3,2/10/15 1:51,"Wilkes-Barre, Pa",1,11-Feb-09,1,White,1,Jewish,1,Straight,1,1,1950,Best Director,All About Eve,Joseph L. Mankiewicz,http://www.nndb.com/people/723/000032627/,,,,,,,
670454540,FALSE,finalized,3,2/10/15 2:08,"St. Petersburg, Russia",1,3-Jul-06,1,White,1,Na,1,Straight,1,1,1950,Best Supporting Actor,All About Eve,George Sanders,http://www.nndb.com/people/728/000043599/,,,,,,,
670454626,FALSE,finalized,3,2/10/15 2:01,"New York City, Ny",1,21-Jun-21,1,White,1,Na,1,Straight,1,1,1950,Best Actress,Born Yesterday,Judy Holliday,http://www.nndb.com/people/808/000063619/,,,,,,,
670454705,FALSE,finalized,3,2/10/15 4:08,"Newtonville, Ma",1,3-Jan-1886,1,White,1,Na,1,Straight,1,1,1950,Best Supporting Actress,Harvey,Josephine Hull,http://www.nndb.com/people/087/000063895/,,,,,,,
670454377,FALSE,finalized,3,2/10/15 2:15,"Oakland, Ca",1,18-Dec-04,1,White,1,Na,1,Straight,1,1,1951,Best Director,A Place in the Sun,George Stevens,http://www.nndb.com/people/382/000044250/,,,,,,,
670454463,FALSE,finalized,3,2/10/15 2:05,"New York City, Ny",1,25-Dec-1899,1,White,1,Na,1,Straight,1,1,1951,Best Actor,The Africa Queen,Humphrey Bogart,http://www.nndb.com/people/837/000024765/,,,,,,,
670454541,FALSE,finalized,3,2/10/15 1:52,"Chicago, Il",1,22-Mar-12,1,White,1,Na,1,Straight,1,1,1951,Best Supporting Actor,A Streetcar Named Desire,Karl Malden,http://www.nndb.com/people/553/000022487/,,,,,,,
670454627,FALSE,finalized,3,2/10/15 1:51,"Darjeeling, India",1,5-Nov-13,1,White,1,Roman Catholic,1,Straight,1,1,1951,Best Actress,A Streetcar Named Desire,Vivien Leigh,http://www.nndb.com/people/470/000022404/,,,,,,,
670454706,FALSE,finalized,3,2/10/15 2:05,"Detroit, Mi",1,12-Nov-22,1,White,1,Na,0.6897,Straight,1,1,1951,Best Supporting Actress,A Streetcar Named Desire,Kim Hunter,http://www.nndb.com/people/501/000051348/,,,,,,,
670454542,FALSE,finalized,3,2/10/15 1:51,"Chihuahua, Mexico",1,21-Apr-15,1,Hispanic,1,Na,1,Straight,1,1,1952,Best Supporting Actor,Viva Zapata!,Anthony Quinn,http://www.nndb.com/people/228/000032132/,,,,,,,
670454378,FALSE,finalized,3,2/10/15 2:15,"Cape Elizabeth, Me",1,1-Feb-1894,1,White,1,Roman Catholic,1,Bisexual,1,1,1952,Best Director,The Quiet Man,John Ford,http://www.nndb.com/people/458/000032362/,,,,,,,
670454628,FALSE,finalized,3,2/10/15 2:00,"New York City, Ny",1,30-Aug-1898,1,White,1,Na,1,Straight,1,1,1952,Best Actress,"Come Back, Little Sheba",Shirley Booth,http://www.nndb.com/people/807/000063618/,,,,,,,
670454707,FALSE,finalized,3,2/10/15 2:12,"Los Angeles, Ca",1,28-Nov-23,1,White,1,Na,1,Straight,1,1,1952,Best Supporting Actress,The Bad and the Beautiful,Gloria Grahame,http://www.nndb.com/people/088/000063896/,,,,,,,
670944835,FALSE,finalized,3,2/10/15 2:08,"Helena, Mt",1,7-May-1901,1,White,1,Roman Catholic,1,Straight,1,1,1952,Best Actor,High Noon,Gary Cooper,http://www.nndb.com/people/740/000031647/,,,,,,,
670454379,FALSE,finalized,3,2/10/15 1:57,"Vienna, Austria",1,29-Apr-07,1,White,1,Jewish,1,Straight,1,1,1953,Best Director,From Here to Eternity,Fred Zinnemann,http://www.nndb.com/people/538/000032442/,,,,,,,
670454465,FALSE,finalized,3,2/10/15 1:46,"O'fallon, Il",1,17-Apr-18,1,White,1,Na,1,Straight,1,1,1953,Best Actor,Stalag 17,William Holden,http://www.nndb.com/people/210/000022144/,,,,,,,
670454543,FALSE,finalized,3,2/10/15 2:06,"Hoboken, Nj",1,12-Dec-15,1,White,1,Na,1,Straight,1,1,1953,Best Supporting Actor,From Here to Eternity,Frank Sinatra,http://www.nndb.com/people/300/000026222/,,,,,,,
670454629,FALSE,finalized,3,2/10/15 2:00,"Brussels, Belgium",1,4-May-29,1,White,1,Christian Science,1,Straight,1,1,1953,Best Actress,Roman Holiday,Audrey Hepburn,http://www.nndb.com/people/933/000026855/,,,,,,,
670454708,FALSE,finalized,3,2/10/15 2:10,"Denison, Ia",1,27-Jan-21,1,White,1,Na,1,Straight,1,1,1953,Best Supporting Actress,From Here to Eternity,Donna Reed,http://www.nndb.com/people/702/000031609/,,,,,,,
670454466,FALSE,finalized,3,2/10/15 1:53,"Omaha, Ne",1,3-Apr-24,1,White,1,Deist,1,Bisexual,1,1,1954,Best Actor,On the Waterfront,Marlon Brando,http://www.nndb.com/people/721/000022655/,,,,,,,
670454380,FALSE,finalized,3,2/10/15 3:50,"Istanbul, Turkey",1,7-Sep-09,1,White,1,Na,1,Straight,1,1,1954,Best Director,On the Waterfront,Elia Kazan,http://www.nndb.com/people/537/000026459/,,,,,,,
670454544,FALSE,finalized,3,2/10/15 3:51,"New York City, Ny",1,10-Sep-15,1,White,1,Roman Catholic,1,Straight,1,1,1954,Best Supporting Actor,The Barefoot Contessa,Edmond O'Brien,http://www.nndb.com/people/620/000042494/,,,,,,,
670454630,FALSE,finalized,3,2/10/15 1:52,"Philadelphia, Pa",1,12-Nov-29,1,White,1,Roman Catholic,1,Straight,1,1,1954,Best Actress,The Country Girl,Grace Kelly,http://www.nndb.com/people/770/000025695/,,,,,,,
670454709,FALSE,finalized,3,2/10/15 4:21,"Newark, Nj",1,4-Jul-24,1,White,1,Na,1,Straight,1,1,1954,Best Supporting Actress,On the Waterfront,Eva Marie Saint,http://www.nndb.com/people/980/000022914/,,,,,,,
670454381,FALSE,finalized,3,2/10/15 3:53,"Lawrence, Ks",1,30-Jan-20,1,White,1,Presbyterian,1,Straight,1,1,1955,Best Director,Marty,Delbert Mann,http://www.nndb.com/people/384/000044252/,,,,,,,
670454467,FALSE,finalized,3,2/10/15 2:02,"Hamden, Ct",1,24-Jan-17,1,White,1,Na,1,Straight,1,1,1955,Best Actor,Marty,Ernest Borgnine,http://www.nndb.com/people/730/000022664/,,,,,,,
670454545,FALSE,finalized,3,2/10/15 2:04,"Newton, Ma",1,8-Feb-25,1,White,1,Roman Catholic,1,Straight,1,1,1955,Best Supporting Actor,Mister Roberts,Jack Lemmon,http://www.nndb.com/people/714/000026636/,,,,,,,
670454631,FALSE,finalized,3,2/10/15 4:07,"Rome, Italy",1,7-Mar-08,1,White,1,Na,1,Straight,1,1,1955,Best Actress,The Rose Tattoo,Anna Magnani,http://www.nndb.com/people/806/000063617/,,,,,,,
670454710,FALSE,finalized,3,2/10/15 4:02,"Oakland, Ca",1,30-Dec-14,1,White,1,Na,1,Straight,1,1,1955,Best Supporting Actress,East of Eden,Jo Van Fleet,http://www.nndb.com/people/089/000063897/,,,,,,,
670454546,FALSE,finalized,3,2/10/15 3:58,"Chihuahua, Mexico",1,21-Apr-15,1,Hispanic,1,Na,1,Straight,1,1,1956,Best Supporting Actor,Lust for Life,Anthony Quinn,http://www.nndb.com/people/228/000032132/,,,,,,,
670454382,FALSE,finalized,3,2/10/15 3:50,"Oakland, Ca",1,18-Dec-04,1,White,1,Na,1,Straight,1,1,1956,Best Director,Giant,George Stevens,http://www.nndb.com/people/382/000044250/,,,,,,,
670454468,FALSE,finalized,3,2/10/15 2:02,"Vladivostok, Russia",1,11-Jul-20,1,White,1,Na,1,Straight,1,1,1956,Best Actor,The King and I,Yul Brynner,http://www.nndb.com/people/459/000026381/,,,,,,,
670454632,FALSE,finalized,3,2/10/15 4:07,"Stockholm, Sweden",1,29-Aug-15,1,White,1,Na,1,Straight,1,1,1956,Best Actress,Anastasia,Ingrid Bergman,http://www.nndb.com/people/836/000024764/,,,,,,,
670454711,FALSE,finalized,3,2/10/15 1:55,"Chicago, Il",1,30-Jan-25,1,White,1,Na,1,Straight,1,1,1956,Best Supporting Actress,Written on the Wind,Dorothy Malone,http://www.nndb.com/people/090/000063898/,,,,,,,
670454712,FALSE,finalized,3,2/10/15 1:52,"Otaro, Hokkaido, Japan",1,3-Apr-29,1,Asian,1,Na,1,Straight,1,1,1957,Best Supporting Actress,Sayonara,Miyoshi Umeki,http://www.nndb.com/people/091/000063899/,,,,,,,
670454469,FALSE,finalized,3,2/10/15 2:03,"London, England",1,2-Apr-14,1,White,1,Roman Catholic,1,Bisexual,1,1,1957,Best Actor,The Bridge on the River Kwai,Alec Guinness,http://www.nndb.com/people/751/000023682/,,,,,,,
670454383,FALSE,finalized,3,2/10/15 2:07,"Croydon, Surrey, England",0.6667,25-Mar-08,1,White,1,Na,1,Straight,0.6667,1,1957,Best Director,The Bridge on the River Kwai,David Lean,http://www.nndb.com/people/462/000032366/,,,,,,,
670454547,FALSE,finalized,3,2/10/15 4:06,"New York City, Ny",1,5-Feb-19,1,White,1,Jewish,1,Straight,1,1,1957,Best Supporting Actor,Sayonara,Red Buttons,http://www.nndb.com/people/820/000022754/,,,,,,,
670944822,FALSE,finalized,3,2/10/15 4:14,"Thomasville, Ga",1,27-Feb-30,1,White,1,Na,1,Straight,1,1,1957,Best Actress,The Three Faces of Eve,Joanne Woodward,http://www.nndb.com/people/747/000043618/,,,,,,,
670454384,FALSE,finalized,3,2/10/15 1:52,"Chicago, Il",1,28-Feb-1903,1,White,1,Na,1,Bisexual,1,1,1958,Best Director,Gigi,Vincente Minnelli,http://www.nndb.com/people/825/000032729/,,,,,,,
670454470,FALSE,finalized,3,2/10/15 2:03,"London, England",1,1-Mar-09,1,White,1,Na,1,Straight,1,1,1958,Best Actor,Separate Tables,David Niven,http://www.nndb.com/people/690/000031597/,,,,,,,
670454548,FALSE,finalized,3,2/10/15 1:51,"Hunt City, Il",1,14-Jun-09,1,White,1,Na,1,Straight,1,1,1958,Best Supporting Actor,The Big Country,Burl Ives,http://www.nndb.com/people/679/000042553/,,,,,,,
670454634,FALSE,finalized,3,2/10/15 1:59,"Brooklyn, Ny",1,30-Jun-18,1,White,1,Roman Catholic,1,Straight,1,1,1958,Best Actress,I Want To Live!,Susan Hayward,http://www.nndb.com/people/805/000063616/,,,,,,,
670454713,FALSE,finalized,3,2/10/15 3:56,"Bramhall, Cheshire, England",1,15-Aug-12,1,White,1,Na,1,Straight,1,1,1958,Best Supporting Actress,Separate Tables,Wendy Hiller,http://www.nndb.com/people/056/000063864/,,,,,,,
670454549,FALSE,finalized,3,2/10/15 2:03,"Marian Glas, Anglesey, Wales",1,30-May-12,1,White,1,Na,1,Na,1,1,1959,Best Supporting Actor,Ben-Hur,Hugh Griffith,http://www.nndb.com/people/120/000063928/,,,,,,,
670454385,FALSE,finalized,3,2/10/15 1:55,"Mulhouse, Haut-Rhin, Alsace, France",1,1-Jul-1902,1,White,1,Na,1,Straight,1,1,1959,Best Director,Ben-Hur,William Wyler,http://www.nndb.com/people/463/000032367/,,,,,,,
670454471,FALSE,finalized,3,2/10/15 3:50,"Evanston, Il",1,4-Oct-23,1,White,1,Protestant,1,Straight,1,1,1959,Best Actor,Ben-hur,Charlton Heston,http://www.nndb.com/people/961/000022895/,,,,,,,
670454635,FALSE,finalized,3,2/10/15 2:00,"Wiesbaden, Germany",1,25-Mar-21,1,White,1,Na,1,Straight,1,1,1959,Best Actress,Room at the Top,Simone Signoret,http://www.nndb.com/people/804/000063615/,,,,,,,
670454714,FALSE,finalized,3,2/10/15 2:15,"St. Louis, Mo",1,18-Aug-20,1,White,1,Jewish,1,Straight,1,1,1959,Best Supporting Actress,The Diary of Anne Frank,Shelley Winters,http://www.nndb.com/people/859/000022793/,,,,,,,
670454386,TRUE,golden,87,,"Sucha, Galicia, Austria",1,22-Jun-06,1,White,1,Jewish,0.963,Straight,1,1,1960,Best Director,The Apartment,Billy Wilder,http://www.nndb.com/people/982/000024910/,,,Jewish,22-Jun-06,"Sucha, Galicia, Austria",,1961
670454472,FALSE,finalized,3,2/10/15 2:01,"New York City, Ny",1,2-Nov-13,1,White,1,Protestant,1,Straight,1,1,1960,Best Actor,Elmer Gantry,Burt Lancaster,http://www.nndb.com/people/938/000031845/,,,,,,,
670454550,FALSE,finalized,3,2/10/15 2:15,"London, England",1,16-Apr-21,1,White,1,Na,1,Straight,1,1,1960,Best Supporting Actor,Spartacus,Peter Ustinov,http://www.nndb.com/people/810/000022744/,,,,,,,
670454636,FALSE,finalized,3,2/10/15 2:04,"London, England",1,27-Feb-32,1,White,1,Jewish,1,Straight,1,1,1960,Best Actress,Butterfield 8,Elizabeth Taylor,http://www.nndb.com/people/624/000023555/,,,,,,,
670454715,FALSE,finalized,3,2/10/15 3:57,"Charleroi, Pa",1,31-Mar-34,1,White,1,Methodist,1,Straight,1,1,1960,Best Supporting Actress,Elmer Gantry,Shirley Jones,http://www.nndb.com/people/795/000023726/,,,,,,,
670454716,FALSE,finalized,3,2/10/15 1:59,"Humacao, Puerto Rico",1,11-Dec-31,1,Hispanic,1,Na,1,Straight,1,1,1961,Best Supporting Actress,West Side Story,Rita Moreno,http://www.nndb.com/people/463/000023394/,,,,,,,
670454370,FALSE,finalized,3,2/10/15 1:55,"New York City, Ny",1,11-Oct-18,1,White,1,Jewish,1,Gay,1,1,1961,Best Director,West Side Story,Jerome Robbins,http://www.nndb.com/people/281/000064089/,,,,,,,
670454551,FALSE,finalized,3,2/10/15 2:04,"Norwood, Oh",1,16-Sep-34,1,White,1,Na,1,Gay,1,1,1961,Best Supporting Actor,West Side Story,George Chakiris,http://www.nndb.com/people/119/000063927/,,,,,,,
670454387,FALSE,finalized,3,2/10/15 1:55,"Winchester, In",1,10-Sep-14,1,White,1,Na,1,Straight,1,0.6667,1961,Best Director,West Side Story,Robert Wise,http://www.nndb.com/people/460/000032364/,,,,,,,
670454473,FALSE,finalized,3,2/10/15 2:11,"Vienna, Austria",1,8-Dec-30,1,White,1,Na,1,Straight,1,1,1961,Best Actor,Judgement at Nuremberg,Maximilian Schell,http://www.nndb.com/people/351/000023282/,,,,,,,
670454637,FALSE,finalized,3,2/10/15 1:51,"Pozzuoli, Italy",1,20-Sep-34,1,White,1,Roman Catholic,1,Straight,1,1,1961,Best Actress,Two Women,Sophia Loren,http://www.nndb.com/people/811/000023742/,,,,,,,
670454388,FALSE,finalized,3,2/10/15 2:05,"Croydon, Surrey, England",1,25-Mar-08,1,White,1,Na,1,Straight,1,1,1962,Best Director,Lawrence of Arabia,David Lean,http://www.nndb.com/people/462/000032366/,,,,,,,
670454474,FALSE,finalized,3,2/10/15 2:18,"La Jolla, Ca",1,5-Apr-16,1,White,1,Roman Catholic,1,Straight,1,1,1962,Best Actor,To Kill a Mockingbird,Gregory Peck,http://www.nndb.com/people/774/000023705/,,,,,,,
670454552,FALSE,finalized,3,2/10/15 2:03,"Hartford, Ct",1,25-Mar-1901,1,White,1,Na,1,Straight,1,1,1962,Best Supporting Actor,Sweet Bird of Youth,"Ed Begley, Sr.",http://www.nndb.com/people/915/000043786/,,,,,,,
670454638,FALSE,finalized,3,2/10/15 3:50,"Bronx, Ny",1,17-Sep-31,1,White,1,Roman Catholic,1,Straight,1,1,1962,Best Actress,The Miracle Worker,Anne Bancroft,http://www.nndb.com/people/439/000023370/,,,,,,,
670454717,FALSE,finalized,3,2/10/15 2:02,"Elmhurst, Ny",1,14-Dec-46,1,White,1,Roman Catholic,1,Straight,1,1,1962,Best Supporting Actress,The Miracle Worker,Patty Duke,http://www.nndb.com/people/775/000022709/,,,,,,,
670454475,FALSE,finalized,3,2/10/15 2:03,"Miami, Fl",1,20-Feb-27,1,Black,1,Deist,1,Straight,1,1,1963,Best Actor,Lilies of the Field,Sidney Poitier,http://www.nndb.com/people/200/000023131/,,,,,,,
670454389,FALSE,finalized,3,2/10/15 1:57,"Shipley, Yorkshire, England",1,5-Jun-28,1,White,1,Na,1,Bisexual,1,1,1963,Best Director,Tom Jones,Tony Richardson,http://www.nndb.com/people/249/000043120/,,,,,,,
670454553,FALSE,finalized,3,2/10/15 2:16,"Macon, Ga",1,5-Apr-1901,1,White,1,Jewish,1,Straight,1,1,1963,Best Supporting Actor,Hud,Melvyn Douglas,http://www.nndb.com/people/100/000063908/,,,,,,,
670454639,FALSE,finalized,3,2/10/15 2:04,"Packard, Ky",1,20-Jan-26,1,White,1,Roman Catholic,1,Straight,1,1,1963,Best Actress,Hud,Patricia Neal,http://www.nndb.com/people/226/000042100/,,,,,,,
670454718,FALSE,finalized,3,2/10/15 1:46,"London, England",1,11-May-1892,1,White,1,Na,1,Straight,1,1,1963,Best Supporting Actress,the V.I.P.s,Margaret Rutherford,http://www.nndb.com/people/052/000063860/,,,,,,,
670454390,FALSE,finalized,3,2/10/15 1:52,"New York City, Ny",1,7-Jul-1899,1,White,1,Na,0.6571,Gay,0.6571,1,1964,Best Director,My Fair Lady,George Cukor,http://www.nndb.com/people/373/000041250/,,,,,,,
670454476,FALSE,finalized,3,2/10/15 1:55,"Huyton, Lancashire, England",1,5-Mar-08,1,White,1,Na,1,Straight,1,1,1964,Best Actor,My Fair Lady,Rex Harrison,http://www.nndb.com/people/132/000043003/,,,,,,,
670454554,FALSE,finalized,3,2/10/15 1:51,"London, England",1,16-Apr-21,1,White,1,Na,1,Straight,1,1,1964,Best Supporting Actor,Topkapi,Peter Ustinov,http://www.nndb.com/people/810/000022744/,,,,,,,
670454640,FALSE,finalized,3,2/10/15 3:45,"Walton-on-Thames, Surrey, England",1,1-Oct-35,1,White,1,Na,1,Straight,1,1,1964,Best Actress,Mary Poppins,Julie Andrews,http://www.nndb.com/people/874/000023805/,,,,,,,
670454719,FALSE,finalized,3,2/10/15 1:59,"St. Petersburg, Russia",1,9-Oct-18,1,White,1,Na,1,Straight,1,1,1964,Best Supporting Actress,Zorba the Greek,Lila Kedrova,http://www.nndb.com/people/049/000063857/,,,,,,,
670454391,FALSE,finalized,3,2/10/15 1:51,"Winchester, In",1,10-Sep-14,1,White,1,Na,1,Straight,1,1,1965,Best Director,The Sound of Music,Robert Wise,http://www.nndb.com/people/460/000032364/,,,,,,,
670454477,FALSE,finalized,3,2/10/15 3:48,"New York City, Ny",1,19-Feb-24,1,White,1,Na,1,Straight,1,1,1965,Best Actor,Cat Ballou,Lee Marvin,http://www.nndb.com/people/314/000026236/,,,,,,,
670454555,FALSE,finalized,3,2/10/15 2:03,"Bronx, Ny",1,4-Nov-19,1,White,1,Na,1,Straight,1,1,1965,Best Supporting Actor,A Thousand Clowns,Martin Balsam,http://www.nndb.com/people/111/000063919/,,,,,,,
670454641,FALSE,finalized,3,2/10/15 1:59,"Chabua, Assam, India",1,14-Apr-41,1,White,1,Na,1,Straight,1,1,1965,Best Actress,Darling,Julie Christie,http://www.nndb.com/people/801/000063612/,,,,,,,
670454720,FALSE,finalized,3,2/10/15 1:57,"St. Louis, Mo",1,18-Aug-20,1,White,1,Jewish,1,Straight,1,1,1965,Best Supporting Actress,A Patch of Blue,Shelley Winters,http://www.nndb.com/people/859/000022793/,,,,,,,
670454721,FALSE,finalized,3,2/10/15 4:02,"Hastings, Ne",0.6667,27-Apr-37,1,White,1,Na,1,Bisexual,1,1,1966,Best Supporting Actress,Who's Afraid of Virginia Woolf?,Sandy Dennis,http://www.nndb.com/people/961/000063772/,,,,,,,
670454392,FALSE,finalized,3,2/10/15 2:06,"Vienna, Austria",1,29-Apr-07,1,White,1,Jewish,1,Straight,1,1,1966,Best Director,A Man for All Seasons,Fred Zinnemann,http://www.nndb.com/people/538/000032442/,,,,,,,
670454478,FALSE,finalized,3,2/10/15 1:53,"Hurstpierpoint, West Sussex, England",1,21-Jan-22,1,White,1,Na,1,Straight,1,1,1966,Best Actor,A Man For All Seasons,Paul Scofield,http://www.nndb.com/people/950/000033851/,,,,,,,
670454556,FALSE,finalized,3,2/10/15 1:59,"New York City, Ny",1,1-Oct-20,1,White,1,Jewish,1,Straight,1,1,1966,Best Supporting Actor,The Fortune Cookie,Walter Matthau,http://www.nndb.com/people/768/000023699/,,,,,,,
670944920,FALSE,finalized,3,2/10/15 3:58,"London, England",1,27-Feb-32,1,White,1,Jewish,1,Straight,1,1,1966,Best Actress,Who's Afraid of Virginia Woolf?,Elizabeth Taylor,http://www.nndb.com/people/624/000023555/,,,,,,,
670454643,FALSE,finalized,3,2/10/15 1:59,"Hartford, Ct",1,12-May-07,1,White,1,Atheist,1,Bisexual,1,1,1967,Best Actress,Guess Who's Coming to Dinner,Katharine Hepburn,http://www.nndb.com/people/775/000023706/,,,,,,,
670454393,FALSE,finalized,3,2/10/15 2:13,"Berlin, Germany",1,6-Nov-31,1,White,1,Jewish,1,Straight,1,1,1967,Best Director,The Graduate,Mike Nichols,http://www.nndb.com/people/455/000023386/,,,,,,,
670454479,FALSE,finalized,3,2/10/15 1:51,"Westhampton, Ny",1,14-Apr-25,1,White,1,Lutheran,1,Straight,1,1,1967,Best Actor,In the Heat of the Night,Rod Steiger,http://www.nndb.com/people/762/000026684/,,,,,,,
670454557,FALSE,finalized,3,2/10/15 2:04,"New York City, Ny",1,18-Feb-25,1,White,1,Na,1,Straight,1,1,1967,Best Supporting Actor,Cool Hand Luke,George Kennedy,http://www.nndb.com/people/001/000022932/,,,,,,,
670454722,FALSE,finalized,3,2/10/15 3:53,"Marblehead, Ma",1,20-Nov-27,1,White,1,Na,1,Straight,1,1,1967,Best Supporting Actress,Bonnie and Clyde,Estelle Parsons,http://www.nndb.com/people/475/000032379/,,,,,,,
670454645,FALSE,finalized,3,2/10/15 2:03,"Hartford, Ct",1,12-May-07,1,White,1,Atheist,1,Bisexual,1,1,1968,Best Actress,The Lion in Winter,Katharine Hepburn,http://www.nndb.com/people/775/000023706/,,,,,,,
670945790,FALSE,finalized,3,2/10/15 2:08,"Malden, Ma",1,16-Jun-07,1,White,1,Na,1,Na,1,1,1968,Best Supporting Actor,The Subject Was Roses,Jack Albertson,http://www.nndb.com/people/559/000049412/,,,,,,,
670454395,FALSE,finalized,3,2/10/15 2:29,"London, England",1,30-Dec-06,1,White,1,Na,1,Straight,1,1,1968,Best Director,Oliver!,Carol Reed,http://www.nndb.com/people/290/000064098/,,,,,,,
670454480,FALSE,finalized,3,2/10/15 2:14,"La Jolla, Ca",1,9-Sep-23,1,White,1,Na,1,Straight,1,1,1968,Best Actor,Charly,Cliff Robertson,http://www.nndb.com/people/134/000023065/,,,,,,,
670454644,FALSE,finalized,3,2/10/15 2:05,"Brooklyn, Ny",1,24-Apr-42,1,White,1,Jewish,1,Straight,1,0.6897,1968,Best Actress,Funny Girl,Barbra Streisand,http://www.nndb.com/people/526/000022460/,,,,,,,
670454723,FALSE,finalized,3,2/10/15 1:47,"Quincy, Ma",1,30-Oct-1896,1,White,1,Na,1,Straight,1,1,1968,Best Supporting Actress,Rosemary's Baby,Ruth Gordon,http://www.nndb.com/people/818/000043689/,,,,,,,
670454396,FALSE,finalized,3,2/10/15 2:01,"London, England",1,16-Feb-26,1,White,1,Na,1,Gay,1,1,1969,Best Director,Midnight Cowboy,John Schlesinger,http://www.nndb.com/people/771/000032675/,,,,,,,
670454481,FALSE,finalized,3,2/10/15 1:55,"Winterset, Ia",1,26-May-07,1,White,1,Roman Catholic,1,Straight,1,1,1969,Best Actor,True Grit,John Wayne,http://www.nndb.com/people/605/000023536/,,,,,,,
670454559,FALSE,finalized,3,2/10/15 2:14,"St. Cloud, Mn",1,4-Nov-13,1,White,1,Na,1,Straight,1,1,1969,Best Supporting Actor,"They Shoot Horses, Don't They?",Gig Young,http://www.nndb.com/people/110/000063918/,,,,,,,
670454724,FALSE,finalized,3,2/10/15 2:13,"Silver Spring, Md",1,21-Nov-45,1,White,1,Buddhist,1,Straight,1,1,1969,Best Supporting Actress,Cactus Flower,Goldie Hawn,http://www.nndb.com/people/996/000022930/,,,,,,,
670946199,FALSE,finalized,3,2/10/15 2:03,"Ilford, Essex, England",1,28-Dec-34,1,White,1,Na,1,Straight,1,1,1969,Best Actress,The Prime of Miss Jean Brodie,Maggie Smith,http://www.nndb.com/people/260/000030170/,,,,,,,
670454397,FALSE,finalized,3,2/10/15 3:56,"Tokyo, Japan",1,30-May-20,1,White,1,Na,1,Straight,1,1,1970,Best Director,Patton,Franklin J. Schaffner,http://www.nndb.com/people/509/000032413/,,,,,,,
670454482,FALSE,finalized,3,2/10/15 1:57,"Wise, Va",1,18-Oct-27,1,White,1,Na,1,Straight,1,1,1970,Best Actor,Patton,George C. Scott,http://www.nndb.com/people/025/000022956/,,,,,,,
670454560,FALSE,finalized,3,2/10/15 1:48,"Felixstowe, Suffolk, England",1,22-Feb-08,1,White,1,Na,1,Straight,1,1,1970,Best Supporting Actor,Ryan's Daughter,John Mills,http://www.nndb.com/people/701/000030611/,,,,,,,
670454647,FALSE,finalized,3,2/10/15 2:06,"Birkenhead, Cheshire, England",1,9-May-36,1,White,1,Na,1,Straight,1,1,1970,Best Actress,Women in Love,Glenda Jackson,http://www.nndb.com/people/799/000063610/,,,,,,,
670454725,FALSE,finalized,3,2/10/15 1:51,"Washington, Dc",1,10-Oct-1900,1,White,1,Na,1,Straight,1,1,1970,Best Supporting Actress,Airport,Helen Hayes,http://www.nndb.com/people/908/000031815/,,,,,,,
670454398,FALSE,finalized,3,2/10/15 2:11,"Chicago, Il",1,29-Aug-35,1,White,1,Jewish,1,Straight,1,1,1971,Best Director,The French Connection,William Friedkin,http://www.nndb.com/people/112/000024040/,,,,,,,
670454483,FALSE,finalized,3,2/10/15 2:01,"San Bernardino, Ca",1,30-Jan-30,1,White,1,Na,1,Straight,1,1,1971,Best Actor,The French Connection,Gene Hackman,http://www.nndb.com/people/878/000022812/,,,,,,,
670454561,FALSE,finalized,3,2/10/15 1:56,"Shidler, Ok",1,13-Jun-18,1,White,1,Na,1,Straight,1,1,1971,Best Supporting Actor,The Last Picture Show,Ben Johnson,http://www.nndb.com/people/425/000064233/,,,,,,,
670454648,FALSE,finalized,3,2/10/15 2:05,"New York City, Ny",1,21-Dec-37,1,White,1,Born-Again Christian,1,Straight,1,1,1971,Best Actress,Klute,Jane Fonda,http://www.nndb.com/people/637/000022571/,,,,,,,
670454726,FALSE,finalized,3,2/10/15 1:55,"Des Moines, Ia",0.6667,30-Apr-26,1,White,1,Na,1,Straight,1,1,1971,Best Supporting Actress,The Last Picture Show,Cloris Leachman,http://www.nndb.com/people/177/000023108/,,,,,,,
670454484,FALSE,finalized,3,2/10/15 2:18,"Omaha, Ne",1,3-Apr-24,1,White,1,Deist,1,Bisexual,0.6667,1,1972,Best Actor,The Godfather,Marlon Brando,http://www.nndb.com/people/721/000022655/,,,,,,,
670454562,FALSE,finalized,3,2/10/15 1:52,"Cleveland, Oh",1,11-Apr-32,1,White,1,Jewish,1,Gay,1,1,1972,Best Supporting Actor,Cabaret,Joel Grey,http://www.nndb.com/people/853/000048709/,,,,,,,
670454649,FALSE,finalized,3,2/10/15 1:49,"Los Angeles, Ca",1,12-Mar-46,1,White,1,Na,1,Na,1,1,1972,Best Actress,Cabaret,Liza Minnelli,http://www.nndb.com/people/724/000024652/,,,,,,,
670454399,FALSE,finalized,3,2/10/15 1:51,"Chicago, Il",1,23-Jun-27,1,White,1,Na,1,Straight,1,1,1972,Best Director,Cabaret,Bob Fosse,http://www.nndb.com/people/159/000032063/,,,,,,,
670454727,FALSE,finalized,3,2/10/15 2:04,"Columbus, Oh",1,29-Mar-19,0.6667,White,1,Na,1,Straight,1,1,1972,Best Supporting Actress,Butterflies Are Free,Eileen Heckart,http://www.nndb.com/people/828/000063639/,,,,,,,
670454400,FALSE,finalized,3,2/10/15 2:05,"Minneapolis, Mn",1,20-Dec-21,1,White,1,Na,1,Straight,1,1,1973,Best Director,The Sting,George Roy Hill,http://www.nndb.com/people/783/000032687/,,,,,,,
670454485,FALSE,finalized,3,2/10/15 2:05,"Newton, Ma",1,8-Feb-25,1,White,1,Roman Catholic,1,Straight,1,1,1973,Best Actor,Save the Tiger,Jack Lemmon,http://www.nndb.com/people/714/000026636/,,,,,,,
670454563,FALSE,finalized,3,2/10/15 2:07,"Bucharest, Romania",1,22-Sep-1902,1,White,1,Na,1,Straight,0.6667,1,1973,Best Supporting Actor,The Paper Chase,John Houseman,http://www.nndb.com/people/686/000042560/,,,,,,,
670454650,FALSE,finalized,3,2/10/15 2:05,"Birkenhead, Cheshire, England",1,9-May-36,1,White,1,Na,1,Straight,1,1,1973,Best Actress,A Touch of Class,Glenda Jackson,http://www.nndb.com/people/799/000063610/,,,,,,,
670454728,FALSE,finalized,3,2/10/15 2:04,"Los Angeles, Ca",1,5-Nov-63,1,White,1,Na,1,Straight,1,1,1973,Best Supporting Actress,Paper Moon,Tatum O'Neal,http://www.nndb.com/people/104/000024032/,,,,,,,
670454401,FALSE,finalized,3,2/10/15 2:15,"Detroit, Mi",1,7-Apr-39,1,White,1,Na,1,Straight,1,1,1974,Best Director,The Godfather Part II,Francis Ford Coppola,http://www.nndb.com/people/866/000022800/,,,,,,,
670454486,FALSE,finalized,3,2/10/15 3:48,"Mount Vernon, Ny",1,4-Nov-18,1,White,1,Na,1,Straight,1,1,1974,Best Actor,Harry and Tonto,Art Carney,http://www.nndb.com/people/182/000025107/,,,,,,,
670454564,FALSE,finalized,3,2/10/15 1:53,"New York City, Ny",1,17-Aug-43,1,White,1,Roman Catholic,1,Straight,1,1,1974,Best Supporting Actor,The Godfather Part II,Robert De Niro,http://www.nndb.com/people/765/000023696/,,,,,,,
670454651,FALSE,finalized,3,2/10/15 2:04,"Detroit, Mi",1,7-Dec-32,1,White,1,Sufism,0.3333,Straight,1,1,1974,Best Actress,Alice Doesn't Live Here Anymore,Ellen Burstyn,http://www.nndb.com/people/650/000023581/,,,,,,,
670454729,FALSE,finalized,3,2/10/15 2:02,"Stockholm, Sweden",1,29-Aug-15,1,White,1,Na,1,Straight,1,1,1974,Best Supporting Actress,Murder on the Orient Express,Ingrid Bergman,http://www.nndb.com/people/836/000024764/,,,,,,,
670454402,FALSE,finalized,3,2/10/15 1:59,"CÌÁslav, Czechoslovakia",1,18-Feb-32,1,White,1,Na,1,Straight,1,1,1975,Best Director,One Flew over the Cuckoo's Nest,Milos Forman,http://www.nndb.com/people/622/000023553/,,,,,,,
670454487,FALSE,finalized,3,2/10/15 1:51,"New York City, Ny",1,22-Apr-37,1,White,1,Atheist,1,Straight,1,1,1975,Best Actor,One Flew Over the Cuckoo's Nest,Jack Nicholson,http://www.nndb.com/people/722/000022656/,,,,,,,
670454565,FALSE,finalized,3,2/10/15 1:48,"New York City, Ny",1,20-Jan-1896,1,White,1,Jewish,1,Straight,1,1,1975,Best Supporting Actor,The Sunshine Boys,George Burns,http://www.nndb.com/people/895/000022829/,,,,,,,
670454652,FALSE,finalized,3,2/10/15 1:59,"Birmingham, Al",1,22-Jul-34,1,White,1,Na,1,Straight,1,1,1975,Best Actress,One Flew Over the Cuckoo's Nest,Louise Fletcher,http://www.nndb.com/people/798/000063609/,,,,,,,
670454730,TRUE,golden,87,,"New York City, Ny",1,31-Oct-27,1,White,0.9594,Jewish,1,Straight,1,1,1975,Best Supporting Actress,Shampoo,Lee Grant,http://www.nndb.com/people/409/000032313/,,,Jewish,31-Oct-27,,,
670454403,FALSE,finalized,3,2/10/15 2:06,"Oak Park, Il",1,21-Dec-35,1,White,1,Na,1,Straight,1,0.6667,1976,Best Director,Rocky,John G. Avildsen,http://www.nndb.com/people/679/000032583/,,,,,,,
670454488,FALSE,finalized,3,2/10/15 3:45,"South Kensington, London, England",1,28-Sep-16,1,White,1,Na,1,Straight,1,1,1976,Best Actor,Network,Peter Finch,http://www.nndb.com/people/745/000063556/,,,,,,,
670454731,FALSE,finalized,3,2/10/15 2:14,"Old Westbury, Ny",1,2-Aug-14,1,White,1,Na,1,Straight,1,1,1976,Best Supporting Actress,Network,Beatrice Straight,http://www.nndb.com/people/817/000063628/,,,,,,,
670944674,FALSE,finalized,3,2/10/15 2:05,"Bascom, Fl",1,14-Jan-41,1,White,1,Roman Catholic,1,Straight,1,1,1976,Best Actress,Network,Faye Dunaway,http://www.nndb.com/people/884/000022818/,,,,,,,
670964912,FALSE,finalized,3,2/10/15 2:03,"Chicago, Il",1,26-Jul-22,1,White,1,Na,1,Straight,1,1,1976,Best Supporting Actor,All the President's Men,Jason Robards,http://www.nndb.com/people/224/000032128/,,,,,,,
670454404,FALSE,finalized,3,2/10/15 2:14,"Brooklyn, Ny",1,1-Dec-35,1,White,1,Jewish,1,Straight,1,1,1977,Best Director,Annie Hall,Woody Allen,http://www.nndb.com/people/501/000022435/,,,,,,,
670454489,FALSE,finalized,3,2/10/15 1:56,"Brooklyn, Ny",1,29-Oct-47,1,White,1,Jewish,1,Straight,1,1,1977,Best Actor,The Goodbye Girl,Richard Dreyfuss,http://www.nndb.com/people/814/000022748/,,,,,,,
670454567,FALSE,finalized,3,2/10/15 1:53,"Chicago, Il",1,26-Jul-22,1,White,1,Na,1,Straight,1,1,1977,Best Supporting Actor,Julia,Jason Robards,http://www.nndb.com/people/224/000032128/,,,,,,,
670454654,FALSE,finalized,3,2/10/15 3:50,"Los Angeles, Ca",1,5-Jan-46,1,White,1,Atheist,1,Straight,1,1,1977,Best Actress,Annie Hall,Diane Keaton,http://www.nndb.com/people/879/000022813/,,,,,,,
670454732,FALSE,finalized,3,2/10/15 2:06,"London, England",1,30-Jan-37,1,White,1,Na,1,Straight,1,1,1977,Best Supporting Actress,Julia,Vanessa Redgrave,http://www.nndb.com/people/590/000023521/,,,,,,,
670454490,FALSE,finalized,3,2/10/15 1:51,"Yonkers, Ny",1,29-Dec-38,1,White,1,Roman Catholic,1,Straight,1,1,1978,Best Actor,Coming Home,Jon Voight,http://www.nndb.com/people/060/000023988/,,,,,,,
670454568,FALSE,finalized,3,2/10/15 1:46,"Astoria, Ny",1,31-Mar-43,1,White,1,Na,1,Straight,1,1,1978,Best Supporting Actor,The Deer Hunter,Christopher Walken,http://www.nndb.com/people/618/000022552/,,,,,,,
670454655,FALSE,finalized,3,2/10/15 2:05,"New York City, Ny",1,21-Dec-37,1,White,1,Born-Again Christian,1,Straight,1,1,1978,Best Actress,Coming Home,Jane Fonda,http://www.nndb.com/people/637/000022571/,,,,,,,
670454733,FALSE,finalized,3,2/10/15 1:46,"Ilford, Essex, England",1,28-Dec-34,1,White,1,Na,1,Straight,1,1,1978,Best Supporting Actress,California Suite,Maggie Smith,http://www.nndb.com/people/260/000030170/,,,,,,,
670944168,FALSE,finalized,3,2/10/15 3:55,"New York City, Ny",1,3-Feb-39,1,White,1,Na,1,Straight,1,0.6667,1978,Best Director,The Deer Hunter,Michael Cimino,http://www.nndb.com/people/810/000043681/,,,,,,,
670454406,FALSE,finalized,3,2/10/15 4:02,"Waxahachie, Tx",1,29-Sep-32,1,White,1,Na,1,Straight,1,1,1979,Best Director,Kramer vs. Kramer,Robert Benton,http://www.nndb.com/people/267/000064075/,,,,,,,
670454491,FALSE,finalized,3,2/10/15 4:14,"Los Angeles, Ca",1,8-Aug-37,1,White,1,Jewish,1,Straight,1,1,1979,Best Actor,Kramer vs. Kramer,Dustin Hoffman,http://www.nndb.com/people/882/000022816/,,,,,,,
670454569,FALSE,finalized,3,2/10/15 2:09,"Macon, Ga",1,5-Apr-1901,1,White,1,Jewish,1,Straight,1,1,1979,Best Supporting Actor,Being There,Melvyn Douglas,http://www.nndb.com/people/100/000063908/,,,,,,,
670454656,FALSE,finalized,3,2/10/15 1:55,"Pasadena, Ca",1,6-Nov-46,1,White,1,Na,1,Straight,1,1,1979,Best Actress,Norma Rae,Sally Field,http://www.nndb.com/people/897/000022831/,,,,,,,
670454734,FALSE,finalized,3,2/10/15 4:08,"Summit, Nj",1,22-Jun-49,1,White,1,Na,1,Straight,1,1,1979,Best Supporting Actress,Kramer vs. Kramer,Meryl Streep,http://www.nndb.com/people/001/000024926/,,,,,,,
670454407,FALSE,finalized,3,2/10/15 4:07,"Santa Monica, Ca",1,18-Aug-1936 [1],0.6562,White,1,Na,1,Straight,1,1,1980,Best Director,Ordinary People,Robert Redford,http://www.nndb.com/people/795/000022729/,,,,,,,
670454492,FALSE,finalized,3,2/10/15 2:29,"New York City, Ny",1,17-Aug-43,1,White,1,Roman Catholic,1,Straight,1,1,1980,Best Actor,Raging Bull,Robert De Niro,http://www.nndb.com/people/765/000023696/,,,,,,,
670454570,FALSE,finalized,3,2/10/15 2:18,"Malibu, Ca",1,16-Aug-60,1,White,1,Na,1,Straight,1,1,1980,Best Supporting Actor,Oridnary People,Timothy Hutton,http://www.nndb.com/people/378/000024306/,,,,,,,
670454657,FALSE,finalized,3,2/10/15 2:41,"Quitman, Tx",1,25-Dec-49,1,White,1,Na,0.6897,Straight,1,1,1980,Best Actress,Coal Miner's Daughter,Sissy Spacek,http://www.nndb.com/people/758/000023689/,,,,,,,
670454735,FALSE,finalized,3,2/10/15 4:14,"Newport, Ar",1,8-Feb-53,1,White,1,Na,1,Straight,1,1,1980,Best Supporting Actress,Melvin and Howard,Mary Steenburgen,http://www.nndb.com/people/271/000025196/,,,,,,,
670454658,FALSE,finalized,3,2/10/15 2:04,"Hartford, Ct",1,12-May-07,1,White,1,Atheist,1,Bisexual,1,1,1981,Best Actress,On Golden Pond,Katharine Hepburn,http://www.nndb.com/people/775/000023706/,,,,,,,
670454571,FALSE,finalized,3,2/10/15 2:07,"London, England",0.6667,14-Apr-04,1,White,1,Na,1,Gay,1,1,1981,Best Supporting Actor,Arthur,John Gielgud,http://www.nndb.com/people/589/000033490/,,,,,,,
670454408,FALSE,finalized,3,2/10/15 1:43,"Richmond, Va",1,30-Mar-37,1,White,1,Baptist,1,Straight,1,1,1981,Best Director,Reds,Warren Beatty,http://www.nndb.com/people/719/000022653/,,,,,,,
670454493,FALSE,finalized,3,2/10/15 4:02,"Grand Island, Ne",1,16-May-05,1,White,1,Na,1,Straight,1,1,1981,Best Actor,On Golden Pond,Henry Fonda,http://www.nndb.com/people/496/000026418/,,,,,,,
670454736,FALSE,finalized,3,2/10/15 2:19,"Troy, Ny",1,21-Jun-25,1,White,1,Roman Catholic,1,Straight,1,1,1981,Best Supporting Actress,Reds,Maureen Stapleton,http://www.nndb.com/people/376/000032280/,,,,,,,
670454572,FALSE,finalized,3,2/10/15 3:50,"Brooklyn, Ny",1,27-May-36,1,Black,1,Na,1,Straight,1,1,1982,Best Supporting Actor,An Officer and a Gentleman,"Lou Gossett, Jr.",http://www.nndb.com/people/906/000023837/,,,,,,,
670454494,FALSE,finalized,3,2/10/15 2:01,"Scarborough, Yorkshire, England",1,31-Dec-43,1,Multiracial,1,Quaker,1,Straight,1,1,1982,Best Actor,Gandhi,Ben Kingsley,http://www.nndb.com/people/519/000024447/,,,,,,,
670454409,FALSE,finalized,3,2/10/15 2:00,"Cambridge, England",1,29-Aug-23,1,White,1,Na,1,Straight,1,1,1982,Best Director,Gandhi,Richard Attenborough,http://www.nndb.com/people/750/000023681/,,,,,,,
670454659,FALSE,finalized,3,2/10/15 1:59,"Summit, Nj",1,22-Jun-49,1,White,1,Na,1,Straight,1,1,1982,Best Actress,Sophie's Choice,Meryl Streep,http://www.nndb.com/people/001/000024926/,,,,,,,
670454737,FALSE,finalized,3,2/10/15 2:07,"Cloquet, Mn",1,20-Apr-49,1,White,1,Na,1,Straight,1,1,1982,Best Supporting Actress,Tootsie,Jessica Lange,http://www.nndb.com/people/004/000022935/,,,,,,,
670454738,FALSE,finalized,3,2/10/15 2:05,"Morristown, Nj",1,2-Apr-45,1,White,1,Na,1,Lesbian,0.6857,1,1983,Best Supporting Actress,The Year of Living Dangerously,Linda Hunt,http://www.nndb.com/people/671/000024599/,,,,,,,
670454410,FALSE,finalized,3,2/10/15 2:12,"North Bergen, Nj",1,9-May-40,1,White,1,Na,1,Straight,1,0.6667,1983,Best Director,Terms of Endearment,James L. Brooks,http://www.nndb.com/people/209/000024137/,,,,,,,
670454495,FALSE,finalized,3,2/10/15 1:52,"San Diego, Ca",1,5-Jan-31,1,White,1,Na,1,Straight,1,1,1983,Best Actor,Tender Mercies,Robert Duvall,http://www.nndb.com/people/008/000022939/,,,,,,,
670454573,FALSE,finalized,3,2/10/15 2:03,"New York City, Ny",1,22-Apr-37,1,White,1,Atheist,1,Straight,1,1,1983,Best Supporting Actor,Terms of Endearment,Jack Nicholson,http://www.nndb.com/people/722/000022656/,,,,,,,
670454660,FALSE,finalized,3,2/10/15 1:56,"Richmond, Va",1,24-Apr-34,1,White,1,Baptist,1,Straight,1,1,1983,Best Actress,Terms of Endearment,Shirley MacLaine,http://www.nndb.com/people/799/000023730/,,,,,,,
670454574,FALSE,finalized,3,2/10/15 1:51,"Samrong Young, Cambodia",1,22-Mar-40,1,Asian,1,Buddhist,1,Straight,1,1,1984,Best Supporting Actor,The Killing Fields,Haing S. Ngor,http://www.nndb.com/people/093/000063901/,,,,,,,
670454496,FALSE,finalized,3,2/10/15 2:03,"Pittsburgh, Pa",1,24-Oct-39,1,Middle Eastern,1,Na,1,Straight,1,1,1984,Best Actor,Amadeus,F. Murray Abraham,http://www.nndb.com/people/123/000024051/,,,,,,,
670454411,FALSE,finalized,3,2/10/15 2:12,"CÌÁslav, Czechoslovakia",1,18-Feb-32,1,White,1,Na,1,Straight,1,1,1984,Best Director,Amadeus,Milos Forman,http://www.nndb.com/people/622/000023553/,,,,,,,
670454661,FALSE,finalized,3,2/10/15 2:04,"Pasadena, Ca",1,6-Nov-46,0.6667,White,1,Na,1,Straight,1,1,1984,Best Actress,Places in the Heart,Sally Field,http://www.nndb.com/people/897/000022831/,,,,,,,
670454739,FALSE,finalized,3,2/10/15 1:49,"Croydon, Surrey, England",1,22-Dec-07,1,White,1,Agnostic,1,Straight,1,1,1984,Best Supporting Actress,A Passage to India,Peggy Ashcroft,http://www.nndb.com/people/816/000063627/,,,,,,,
670454412,FALSE,finalized,3,2/10/15 1:52,"Lafayette, In",1,1-Jul-34,1,White,1,Jewish,1,Straight,1,1,1985,Best Director,Out of Africa,Sydney Pollack,http://www.nndb.com/people/772/000023703/,,,,,,,
670454497,FALSE,finalized,3,2/10/15 2:00,"Washington, Dc",1,20-Mar-50,1,White,1,Lutheran,1,Straight,1,1,1985,Best Actor,Kiss of the Spider Woman,William Hurt,http://www.nndb.com/people/683/000023614/,,,,,,,
670454575,FALSE,finalized,3,2/10/15 2:04,"Kenosha, Wi",1,31-May-04,1,White,1,Roman Catholic,1,Straight,1,1,1985,Best Supporting Actor,Cocoon,Don Ameche,http://www.nndb.com/people/736/000024664/,,,,,,,
670454662,FALSE,finalized,3,2/10/15 2:02,"Kirksville, Mo",1,22-Nov-24,1,White,1,Na,1,Straight,1,1,1985,Best Actress,The Trip to Bountiful,Geraldine Page,http://www.nndb.com/people/780/000043651/,,,,,,,
670454740,FALSE,finalized,3,2/10/15 2:10,"Santa Monica, Ca",1,8-Jul-51,1,White,1,Na,1,Straight,1,1,1985,Best Supporting Actress,Prizzi's Honor,Anjelica Huston,http://www.nndb.com/people/128/000025053/,,,,,,,
670454413,FALSE,finalized,3,2/10/15 2:18,"New York City, Ny",1,15-Sep-46,1,White,1,Atheist,1,Straight,1,0.3333,1986,Best Director,Platoon,Oliver Stone,http://www.nndb.com/people/545/000022479/,,,,,,,
670454498,FALSE,finalized,3,2/10/15 2:10,"Shaker Heights, Oh",1,26-Jan-25,1,White,1,Jewish,1,Straight,1,1,1986,Best Actor,The Color of Money,Paul Newman,http://www.nndb.com/people/804/000022738/,,,,,,,
670454576,FALSE,finalized,3,2/10/15 1:55,"Bermondsey, England",1,14-Mar-33,1,White,1,Na,1,Straight,1,1,1986,Best Supporting Actor,Hannah and Her Sisters,Michael Caine,http://www.nndb.com/people/754/000022688/,,,,,,,
670454663,FALSE,finalized,3,2/10/15 2:05,"Morton Grove, Il",1,24-Aug-65,1,White,1,Jewish,1,Straight,1,1,1986,Best Actress,Children of a Lesser God,Marlee Matlin,http://www.nndb.com/people/870/000023801/,,,,,,,
670454741,FALSE,finalized,3,2/10/15 1:49,"Kansas City, Mo",1,28-Mar-48,1,White,1,Na,1,Straight,1,1,1986,Best Supporting Actress,Hannah and Her Sisters,Dianne Wiest,http://www.nndb.com/people/894/000024822/,,,,,,,
670454664,FALSE,finalized,3,2/10/15 2:18,"El Centro, Ca",1,20-May-46,1,White,1,Na,1,Bisexual,1,1,1987,Best Actress,Moonstruck,Cher,http://www.nndb.com/people/688/000022622/,,,,,,,
670454414,FALSE,finalized,3,2/10/15 2:05,"Parma, Emilia-Romagna, Italy",1,16-Mar-41,1,White,1,Na,1,Straight,1,1,1987,Best Director,The Last Emperor,Bernardo Bertolucci,http://www.nndb.com/people/268/000024196/,,,,,,,
670454499,FALSE,finalized,3,2/10/15 1:51,"New Brunswick, Nj",1,25-Sep-44,1,White,1,Jewish,1,Straight,1,1,1987,Best Actor,Wall Street,Michael Douglas,http://www.nndb.com/people/614/000024542/,,,,,,,
670454577,FALSE,finalized,3,2/10/15 3:50,"Edinburgh, Scotland",1,25-Aug-30,1,White,1,Roman Catholic,1,Straight,1,1,1987,Best Supporting Actor,The Untouchables,Sean Connery,http://www.nndb.com/people/881/000022815/,,,,,,,
670454742,FALSE,finalized,3,2/10/15 2:07,"Lowell, Ma",1,20-Jun-31,1,White,1,Na,1,Straight,1,1,1987,Best Supporting Actress,Moonstruck,Olympia Dukakis,http://www.nndb.com/people/430/000023361/,,,,,,,
670454665,FALSE,finalized,3,2/10/15 3:57,"Los Angeles, Ca",1,19-Nov-62,1,White,1,Atheist,1,Lesbian,1,1,1988,Best Actress,The Accused,Jodie Foster,http://www.nndb.com/people/756/000023687/,,,,,,,
670454415,FALSE,finalized,3,2/10/15 1:51,"Baltimore, Md",1,6-Apr-42,1,White,1,Jewish,0.6667,Straight,1,1,1988,Best Director,Rain Man,Barry Levinson,http://www.nndb.com/people/748/000023679/,,,,,,,
670454500,FALSE,finalized,3,2/10/15 1:58,"Los Angeles, Ca",1,8-Aug-37,1,White,1,Jewish,1,Straight,1,1,1988,Best Actor,Rainman,Dustin Hoffman,http://www.nndb.com/people/882/000022816/,,,,,,,
670454578,FALSE,finalized,3,2/10/15 2:18,"St. Louis, Mo",1,24-Oct-47,1,White,1,Roman Catholic,1,Straight,1,1,1988,Best Supporting Actor,A Fish Called Wanda,Kevin Kline,http://www.nndb.com/people/819/000024747/,,,,,,,
670454743,FALSE,finalized,3,2/10/15 3:50,"Wareham, Ma",1,21-Jan-56,1,White,1,Congregationalist,1,Straight,1,1,1988,Best Supporting Actress,The Accidental Tourist,Geena Davis,http://www.nndb.com/people/883/000022817/,,,,,,,
670454579,FALSE,finalized,3,2/10/15 2:04,"Mount Vernon, Ny",1,28-Dec-54,1,Black,1,Protestant,1,Straight,1,1,1989,Best Supporting Actor,Glory,Denzel Washington,http://www.nndb.com/people/665/000023596/,,,,,,,
670454416,FALSE,finalized,3,2/10/15 2:07,"New York City, Ny",1,15-Sep-46,1,White,1,Atheist,1,Straight,1,1,1989,Best Director,Born on the Fourth of July,Oliver Stone,http://www.nndb.com/people/545/000022479/,,,,,,,
670454501,FALSE,finalized,3,2/10/15 4:06,"London, England",1,29-Apr-57,1,White,1,Na,1,Straight,1,1,1989,Best Actor,My Left Foot,Daniel Day-Lewis,http://www.nndb.com/people/788/000022722/,,,,,,,
670454666,FALSE,finalized,3,2/10/15 1:59,"London, England",1,7-Jun-09,1,White,1,Na,1,Straight,1,1,1989,Best Actress,Driving Miss Daisy,Jessica Tandy,http://www.nndb.com/people/017/000023945/,,,,,,,
670454744,FALSE,finalized,3,2/10/15 4:21,"Dublin, Ireland",1,17-Feb-45,1,White,1,Na,1,Straight,1,1,1989,Best Supporting Actress,My Left Foot,Brenda Fricker,http://www.nndb.com/people/815/000063626/,,,,,,,
670454745,FALSE,finalized,3,2/10/15 2:05,New York City,1,13-Nov-55,1,Black,1,Atheist,1,Straight,1,1,1990,Best Supporting Actress,Ghost,Whoopi Goldberg,http://www.nndb.com/people/242/000025167/,,,,,,,
670454417,FALSE,finalized,3,2/10/15 1:55,"Lynwood, Ca",1,18-Jan-55,1,White,1,Baptist,1,Straight,1,1,1990,Best Director,Dances with Wolves,Kevin Costner,http://www.nndb.com/people/758/000022692/,,,,,,,
670454502,FALSE,finalized,3,2/10/15 1:59,"Cowes, Isle of Wight, England",1,19-Sep-48,1,White,1,Na,1,Straight,1,1,1990,Best Actor,Reversal of Fortune,Jeremy Irons,http://www.nndb.com/people/594/000023525/,,,,,,,
670454580,FALSE,finalized,3,2/10/15 2:09,"Newark, Nj",1,9-Feb-43,1,White,1,Na,1,Straight,1,1,1990,Best Supporting Actor,Good Fellas,Joe Pesci,http://www.nndb.com/people/582/000022516/,,,,,,,
670454667,FALSE,finalized,3,2/10/15 4:08,"Memphis, Tn",1,28-Jun-48,1,White,1,Na,1,Straight,1,1,1990,Best Actress,Misery,Kathy Bates,http://www.nndb.com/people/907/000024835/,,,,,,,
670454746,FALSE,finalized,3,2/10/15 2:08,"Queens, Ny",1,28-Feb-48,1,Hispanic,1,Roman Catholic,1,Straight,1,1,1991,Best Supporting Actress,The Fisher King,Mercedes Ruehl,http://www.nndb.com/people/890/000024818/,,,,,,,
670454668,FALSE,finalized,3,2/10/15 1:59,"Los Angeles, Ca",1,19-Nov-62,1,White,1,Atheist,1,Lesbian,1,1,1991,Best Actress,The Silence of the Lambs,Jodie Foster,http://www.nndb.com/people/756/000023687/,,,,,,,
670454418,FALSE,finalized,3,2/10/15 2:11,"Baldwin, Ny",1,22-Feb-44,1,White,1,Na,1,Straight,1,1,1991,Best Director,The Silence of the Lambs,Jonathan Demme,http://www.nndb.com/people/578/000024506/,,,,,,,
670454503,FALSE,finalized,3,2/10/15 3:51,"Port Talbot, Wales",1,31-Dec-37,1,White,1,Na,1,Straight,1,1,1991,Best Actor,Silence of the Lambs,Anthony Hopkins,http://www.nndb.com/people/005/000023933/,,,,,,,
670454581,FALSE,finalized,3,2/10/15 1:57,"Lattimer Mines, Pa",1,18-Feb-19,1,White,1,Na,1,Straight,1,1,1991,Best Supporting Actor,City Slickers,Jack Palance,http://www.nndb.com/people/579/000022513/,,,,,,,
670454419,FALSE,finalized,3,2/10/15 1:55,"San Francisco, Ca",1,31-May-30,1,White,1,Na,1,Straight,1,1,1992,Best Director,Unforgiven,Clint Eastwood,http://www.nndb.com/people/849/000022783/,,,,,,,
670454504,FALSE,finalized,3,2/10/15 3:56,"New York City, Ny",1,25-Apr-40,1,White,1,Roman Catholic,1,Straight,1,1,1992,Best Actor,Scent of a Woman,Al Pacino,http://www.nndb.com/people/880/000022814/,,,,,,,
670454582,FALSE,finalized,3,2/10/15 1:47,"San Bernardino, Ca",1,30-Jan-30,1,White,1,Na,1,Straight,1,1,1992,Best Supporting Actor,Unforgiven,Gene Hackman,http://www.nndb.com/people/878/000022812/,,,,,,,
670454669,FALSE,finalized,3,2/10/15 1:51,"London, England",1,15-Apr-59,1,White,1,Na,1,Straight,1,1,1992,Best Actress,Howards End,Emma Thompson,http://www.nndb.com/people/627/000025552/,,,,,,,
670454747,FALSE,finalized,3,2/10/15 1:46,"Brooklyn, Ny",1,4-Dec-64,1,White,1,Na,1,Straight,1,1,1992,Best Supporting Actress,My Cousin Vinny,Marisa Tomei,http://www.nndb.com/people/985/000025910/,,,,,,,
670454748,FALSE,finalized,3,2/10/15 2:03,"Winnipeg, Manitoba, Canada",1,24-Jul-82,1,White,1,Na,1,Bisexual,1,1,1993,Best Supporting Actress,The Piano,Anna Paquin,http://www.nndb.com/people/763/000025688/,,,,,,,
670454420,FALSE,finalized,3,2/10/15 3:48,"Cincinnati, Oh",1,18-Dec-46,1,White,1,Jewish,1,Straight,1,1,1993,Best Director,Schindler's List,Steven Spielberg,http://www.nndb.com/people/734/000022668/,,,,,,,
670454583,FALSE,finalized,3,2/10/15 2:04,"San Saba, Tx",1,15-Sep-46,1,White,1,Na,1,Straight,1,1,1993,Best Supporting Actor,The Fugitive,Tommy Lee Jones,http://www.nndb.com/people/530/000022464/,,,,,,,
670454670,FALSE,finalized,3,2/10/15 2:03,"Conyers, Ga",1,20-Mar-58,1,White,1,Na,1,Straight,1,1,1993,Best Actress,The Piano,Holly Hunter,http://www.nndb.com/people/566/000023497/,,,,,,,
670944094,FALSE,finalized,3,2/10/15 2:18,"Concord, Ca",1,9-Jul-56,1,White,1,Born-Again Christian,1,Straight,1,1,1993,Best Actor,Philadelphia,Tom Hanks,http://www.nndb.com/people/687/000022621/,,,,,,,
670454421,FALSE,finalized,3,2/10/15 2:14,"Chicago, Il",1,14-May-52,1,White,1,Roman Catholic,1,Straight,1,0.6923,1994,Best Director,Forrest Gump,Robert Zemeckis,http://www.nndb.com/people/224/000025149/,,,,,,,
670454506,FALSE,finalized,3,2/10/15 1:56,"Concord, Ca",1,9-Jul-56,1,White,1,Born-Again Christian,1,Straight,1,1,1994,Best Actor,Forrest Gump,Tom Hanks,http://www.nndb.com/people/687/000022621/,,,,,,,
670454584,FALSE,finalized,3,2/10/15 2:11,"Brooklyn, Ny",1,20-Jun-31,1,White,1,Jewish,1,Straight,1,1,1994,Best Supporting Actor,Ed Wood,Martin Landau,http://www.nndb.com/people/431/000023362/,,,,,,,
670454671,FALSE,finalized,3,2/10/15 2:05,"Cloquet, Mn",1,20-Apr-49,1,White,1,Na,1,Straight,1,1,1994,Best Actress,Blue Sky,Jessica Lange,http://www.nndb.com/people/004/000022935/,,,,,,,
670454749,FALSE,finalized,3,2/10/15 2:00,"Kansas City, Mo",1,28-Mar-48,1,White,1,Na,1,Straight,1,1,1994,Best Supporting Actress,Bullets Over Broadway,Dianne Wiest,http://www.nndb.com/people/894/000024822/,,,,,,,
670454585,FALSE,finalized,3,2/10/15 2:11,"South Orange, Nj",1,26-Jul-59,1,White,1,Na,1,Matter of Dispute,1,1,1995,Best Supporting Actor,The Usual Suspects,Kevin Spacey,http://www.nndb.com/people/591/000023522/,,,,,,,
670454422,FALSE,finalized,3,2/10/15 2:11,"Peekskill, Ny",1,3-Jan-56,1,White,1,Roman Catholic,1,Straight,1,1,1995,Best Director,Braveheart,Mel Gibson,http://www.nndb.com/people/583/000022517/,,,,,,,
670454507,FALSE,finalized,3,2/10/15 2:10,"Long Beach, Ca",1,7-Jan-64,1,White,1,Roman Catholic,1,Straight,1,1,1995,Best Actor,Leaving Las Vegas,Nicolas Cage,http://www.nndb.com/people/751/000022685/,,,,,,,
670454672,FALSE,finalized,3,2/10/15 1:59,"Queens, Ny",1,4-Oct-46,1,White,1,Roman Catholic,1,Straight,1,1,1995,Best Actress,Dead Man Walking,Susan Sarandon,http://www.nndb.com/people/762/000024690/,,,,,,,
670454750,FALSE,finalized,3,2/10/15 2:04,"Tenafly, Nj",1,28-Sep-67,1,White,1,Atheist,1,Straight,1,1,1995,Best Supporting Actress,Mighty Aphrodite,Mira Sorvino,http://www.nndb.com/people/890/000025815/,,,,,,,
670454586,FALSE,finalized,3,2/10/15 4:21,"Bronx, Ny",1,2-Jan-68,1,Black,1,Na,1,Straight,1,1,1996,Best Supporting Actor,Jerry Maguire,"Cuba Gooding, Jr.",http://www.nndb.com/people/587/000023518/,,,,,,,
670454423,FALSE,finalized,3,2/10/15 2:19,"Ryde, Isle of Wight, England",1,6-Jan-54,1,White,1,Na,1,Straight,1,1,1996,Best Director,The English Patient,Anthony Minghella,http://www.nndb.com/people/513/000032417/,,,,,,,
670454508,FALSE,finalized,3,2/10/15 2:08,"Toowoomba, Queensland, Australia",1,6-Jul-51,1,White,1,Na,1,Straight,1,1,1996,Best Actor,Shine,Geoffrey Rush,http://www.nndb.com/people/126/000025051/,,,,,,,
670454673,FALSE,finalized,3,2/10/15 2:16,"Chicago, Il",1,23-Jun-57,1,White,1,Disciples of Christ,1,Straight,1,1,1996,Best Actress,Fargo,Frances McDormand,http://www.nndb.com/people/517/000025442/,,,,,,,
670454751,FALSE,finalized,3,2/10/15 1:58,"Paris, France",1,9-Mar-64,1,White,1,Na,1,Straight,1,1,1996,Best Supporting Actress,The English Patient,Juliette Binoche,http://www.nndb.com/people/970/000025895/,,,,,,,
670454424,FALSE,finalized,3,2/10/15 1:53,"Kapuskasing, Ontario, Canada",1,16-Aug-54,1,White,1,Atheist,0.6667,Straight,1,1,1997,Best Director,Titanic,James Cameron,http://www.nndb.com/people/385/000025310/,,,,,,,
670454509,FALSE,finalized,3,2/10/15 1:49,"New York City, Ny",1,22-Apr-37,1,White,1,Atheist,1,Straight,1,1,1997,Best Actor,As Good as It Gets,Jack Nicholson,http://www.nndb.com/people/722/000022656/,,,,,,,
670454587,FALSE,finalized,3,2/10/15 4:08,"Chicago, Il",1,21-Jul-51,1,White,1,Anglican/episcopalian,1,Straight,1,1,1997,Best Supporting Actor,Good Will Hunting,Robin Williams,http://www.nndb.com/people/606/000022540/,,,,,,,
670454674,FALSE,finalized,3,2/10/15 3:55,"Culver City, Ca",1,15-Jun-63,1,White,1,Na,1,Straight,1,1,1997,Best Actress,As Good As It Gets,Helen Hunt,http://www.nndb.com/people/554/000023485/,,,,,,,
670454752,FALSE,finalized,3,2/10/15 1:51,"Athens, Ga",1,8-Dec-53,1,White,1,Na,1,Straight,1,1,1997,Best Supporting Actress,L.A. Confidential,Kim Basinger,http://www.nndb.com/people/310/000025235/,,,,,,,
670454425,FALSE,finalized,3,2/10/15 3:55,"Cincinnati, Oh",1,18-Dec-46,1,White,1,Jewish,1,Straight,1,1,1998,Best Director,Saving Private Ryan,Steven Spielberg,http://www.nndb.com/people/734/000022668/,,,,,,,
670454510,FALSE,finalized,3,2/10/15 1:59,"Misericordia, Arezzo, Tuscany, Italy",1,27-Oct-52,1,White,1,Na,1,Straight,1,1,1998,Best Actor,Life is Beautiful,Roberto Benigni,http://www.nndb.com/people/259/000025184/,,,,,,,
670454588,TRUE,golden,62,,"Laurel, Ne",1,31-Aug-28,1,White,1,Na,1,Straight,1,1,1998,Best Supporting Actor,Affliction,James Coburn,http://www.nndb.com/people/764/000022698/,,,Na,,,,
670454675,TRUE,golden,91,,"Los Angeles, Ca",1,27-Sep-72,1,White,1,Jewish,1,Straight,1,1,1998,Best Actress,Shakespeare in Love,Gwyneth Paltrow,http://www.nndb.com/people/592/000023523/,,,,,"Los Angeles, Ca",,
670454753,FALSE,finalized,3,2/10/15 4:14,"York, North Yorkshire, England",1,9-Dec-34,1,White,1,Quaker,1,Straight,1,1,1998,Best Supporting Actress,Shakespeare in Love,Judi Dench,http://www.nndb.com/people/824/000023755/,,,,,,,
670454754,TRUE,golden,87,,"Los Angeles, Ca",0.9593,4-Jun-75,1,White,1,Buddhist,1,Bisexual,1,1,1999,Best Supporting Actress,"Girl, Interrupted",Angelina Jolie,http://www.nndb.com/people/493/000023424/,,,Buddhist,,,Bisexual,2000
670454511,FALSE,finalized,3,2/10/15 4:08,"South Orange, Nj",1,26-Jul-59,1,White,1,Na,1,Matter of Dispute,0.6667,1,1999,Best Actor,American Beauty,Kevin Spacey,http://www.nndb.com/people/591/000023522/,,,,,,,
670454426,FALSE,finalized,3,2/10/15 3:45,"Reading, Berkshire, England",1,1-Aug-65,1,White,1,Na,1,Straight,1,1,1999,Best Director,American Beauty,Sam Mendes,http://www.nndb.com/people/059/000025981/,,,,,,,
670454589,FALSE,finalized,3,2/10/15 2:12,"Bermondsey, England",1,14-Mar-33,1,White,1,Na,1,Straight,1,1,1999,Best Supporting Actor,The Cider House Rules,Michael Caine,http://www.nndb.com/people/754/000022688/,,,,,,,
670454676,FALSE,finalized,3,2/10/15 1:53,"Lincoln, Ne",1,30-Jul-74,1,White,1,Na,1,Straight,1,1,1999,Best Actress,Boys Don't Cry,Hilary Swank,http://www.nndb.com/people/333/000026255/,,,,,,,
670454590,FALSE,finalized,3,2/10/15 2:04,"Santurce, Puerto Rico",1,19-Feb-67,1,Hispanic,1,Na,1,Straight,1,1,2000,Best Supporting Actor,Traffic,Benicio Del Toro,http://www.nndb.com/people/087/000026009/,,,,,,,
670454427,FALSE,finalized,3,2/10/15 2:00,"Atlanta, Ga",1,14-Jan-63,1,White,1,Atheist,1,Straight,1,1,2000,Best Director,Traffic,Steven Soderbergh,http://www.nndb.com/people/907/000025832/,,,,,,,
670454512,FALSE,finalized,3,2/10/15 4:07,"Wellington, New Zealand",1,7-Apr-64,1,White,1,Na,0.6562,Straight,1,1,2000,Best Actor,Gladiator,Russell Crowe,http://www.nndb.com/people/782/000022716/,,,,,,,
670454677,FALSE,finalized,3,2/10/15 2:00,"Smyrna, Ga",1,28-Oct-67,1,White,1,Hindu,1,Straight,1,1,2000,Best Actress,Erin Brockovich,Julia Roberts,http://www.nndb.com/people/592/000022526/,,,,,,,
670454755,TRUE,golden,91,,"La Jolla, Ca",1,14-Aug-59,1,White,1,Na,1,Straight,1,0.9195,2000,Best Supporting Actress,Pollock,Marcia Gay Harden,http://www.nndb.com/people/641/000025566/,,,,,"La Jolla, Ca",,
670454513,FALSE,finalized,3,2/10/15 1:49,"Mount Vernon, Ny",1,28-Dec-54,1,Black,1,Protestant,1,Straight,1,1,2001,Best Actor,Training Day,Denzel Washington,http://www.nndb.com/people/665/000023596/,,,,,,,
670454678,FALSE,finalized,3,2/10/15 2:14,"Cleveland, Oh",1,14-Aug-66,1,Multiracial,1,Na,1,Straight,1,1,2001,Best Actress,Monster's Ball,Halle Berry,http://www.nndb.com/people/487/000023418/,,,,,,,
670454428,FALSE,finalized,3,2/10/15 3:51,"Duncan, Ok",1,1-Mar-54,1,White,1,Na,1,Straight,1,1,2001,Best Director,A Beautiful Mind,Ron Howard,http://www.nndb.com/people/365/000025290/,,,,,,,
670454591,FALSE,finalized,3,2/10/15 2:05,"Lincoln, Lincolnshire, England",1,24-May-49,1,White,1,Na,1,Straight,1,1,2001,Best Supporting Actor,Iris,Jim Broadbent,http://www.nndb.com/people/092/000063900/,,,,,,,
670454756,FALSE,finalized,3,2/10/15 2:08,"Catskill Mountains, Ny",1,12-Dec-70,1,White,1,Jewish,1,Straight,1,1,2001,Best Supporting Actress,A Beautiful Mind,Jennifer Connelly,http://www.nndb.com/people/240/000026162/,,,,,,,
670454429,FALSE,finalized,3,2/10/15 2:04,"Paris, France",1,18-Aug-33,1,White,1,See Note,0.3333,Straight,1,1,2002,Best Director,The Pianist,Roman Polanski,http://www.nndb.com/people/541/000023472/,,,,,,,
670454514,FALSE,finalized,3,2/10/15 2:05,"New York City, Ny",1,14-Apr-73,1,White,1,Jewish,1,Straight,1,1,2002,Best Actor,The Pianist,Adrien Brody,http://www.nndb.com/people/112/000026034/,,,,,,,
670454592,FALSE,finalized,3,2/10/15 2:15,"Kansas City, Mo",1,9-Jul-51,1,White,1,Na,1,Straight,1,1,2002,Best Supporting Actor,Adaptation,Chris Cooper,http://www.nndb.com/people/130/000025055/,,,,,,,
670454679,FALSE,finalized,3,2/10/15 1:55,"Honolulu, Hi",1,20-Jun-67,1,White,1,Roman Catholic,1,Straight,1,1,2002,Best Actress,The Hours,Nicole Kidman,http://www.nndb.com/people/917/000022851/,,,,,,,
670454757,FALSE,finalized,3,2/10/15 2:00,"Mumbles, Wales",1,25-Sep-69,1,White,1,Roman Catholic,1,Straight,1,1,2002,Best Supporting Actress,Chicago,Catherine Zeta-Jones,http://www.nndb.com/people/516/000023447/,,,,,,,
670454430,FALSE,finalized,3,2/10/15 2:09,"Wellington, New Zealand",1,31-Oct-61,1,White,1,Na,1,Straight,1,1,2003,Best Director,The Lord of the Rings: Return of the King,Peter Jackson,http://www.nndb.com/people/848/000025773/,,,,,,,
670454515,FALSE,finalized,3,2/10/15 2:04,"Burbank, Ca",1,17-Aug-60,1,White,1,Roman Catholic,1,Straight,1,1,2003,Best Actor,Mystic River,Sean Penn,http://www.nndb.com/people/331/000025256/,,,,,,,
670454593,FALSE,finalized,3,2/10/15 2:14,"West Covina, Ca",1,16-Oct-58,1,White,1,Roman Catholic,1,Straight,1,1,2003,Best Supporting Actor,Mystic River,Tim Robbins,http://www.nndb.com/people/614/000025539/,,,,,,,
670454680,FALSE,finalized,3,2/10/15 2:01,"Benoni, South Africa",1,7-Aug-75,1,White,1,Na,1,Straight,1,1,2003,Best Actress,Monster,Charlize Theron,http://www.nndb.com/people/146/000026068/,,,,,,,
670454758,FALSE,finalized,3,2/10/15 2:07,"Katy, Tx",1,25-Apr-69,1,White,1,Na,1,Straight,0.6667,1,2003,Best Supporting Actress,Cold Mountain,Renée Zellweger,http://www.nndb.com/people/708/000024636/,,,,,,,
670454516,FALSE,finalized,3,2/10/15 2:02,"Terrell, Tx",1,13-Dec-67,1,Black,1,Baptist,1,Straight,1,1,2004,Best Actor,Ray,Jamie Foxx,http://www.nndb.com/people/113/000026035/,,,,,,,
670454594,FALSE,finalized,3,2/10/15 3:55,"Memphis, Tn",1,1-Jun-37,1,Black,1,Na,1,Straight,1,1,2004,Best Supporting Actor,Million Dollar Baby,Morgan Freeman,http://www.nndb.com/people/982/000023913/,,,,,,,
670454431,FALSE,finalized,3,2/10/15 2:00,"San Francisco, Ca",1,31-May-30,1,White,1,Na,1,Straight,1,1,2004,Best Director,Million Dollar Baby,Clint Eastwood,http://www.nndb.com/people/849/000022783/,,,,,,,
670454681,TRUE,golden,85,,"Lincoln, Ne",1,30-Jul-74,1,White,1,Na,1,Straight,1,1,2004,Best Actress,Million Dollar Baby,Hilary Swank,http://www.nndb.com/people/333/000026255/,,,Na,,,,2005
670454759,FALSE,finalized,3,2/10/15 2:05,"Melbourne, Victoria, Australia",1,14-May-69,1,White,1,Na,1,Straight,1,1,2004,Best Supporting Actress,The Aviator,Cate Blanchett,http://www.nndb.com/people/222/000026144/,,,,,,,
670454432,FALSE,finalized,3,2/10/15 2:09,"Pingtung, Taiwan",1,23-Oct-54,1,Asian,1,Na,1,Straight,1,1,2005,Best Director,Brokeback Mountain,Ang Lee,http://www.nndb.com/people/394/000025319/,,,,,,,
670454517,FALSE,finalized,3,2/10/15 1:59,"Fairport, Ny",1,23-Jul-67,1,White,1,Na,1,Straight,1,1,2005,Best Actor,Capote,Philip Seymour Hoffman,http://www.nndb.com/people/409/000027328/,,,,,,,
670454595,FALSE,finalized,3,2/10/15 4:02,"Lexington, Ky",1,6-May-61,1,White,1,Na,1,Straight,1,1,2005,Best Supporting Actor,Syriana,George Clooney,http://www.nndb.com/people/763/000022697/,,,,,,,
670454682,FALSE,finalized,3,2/10/15 1:56,"New Orleans, La",1,22-Mar-76,1,White,1,Na,1,Straight,1,1,2005,Best Actress,Walk the Line,Reese Witherspoon,http://www.nndb.com/people/813/000022747/,,,,,,,
670454760,TRUE,golden,92,,"London, England",1,7-Mar-71,1,White,1,Jewish,1,Straight,1,1,2005,Best Supporting Actress,The Constant Gardener,Rachel Weisz,http://www.nndb.com/people/309/000032213/,,,Jewish,,,,2006
670454518,FALSE,finalized,3,2/10/15 2:07,"Longview, Tx",1,15-Jul-61,1,Black,1,Na,1,Straight,1,1,2006,Best Actor,The Last King of Scotland,Forest Whitaker,http://www.nndb.com/people/833/000025758/,,,,,,,
670454761,FALSE,finalized,3,2/10/15 4:07,"Chicago, Il",1,12-Sep-81,1,Black,1,Baptist,1,Straight,1,1,2006,Best Supporting Actress,Dreamgirls,Jennifer Hudson,http://www.nndb.com/people/434/000129047/,,,,,,,
670454433,FALSE,finalized,3,2/10/15 1:43,"Flushing, Ny",1,17-Nov-42,1,White,1,Roman Catholic,1,Straight,1,1,2006,Best Director,The Departed,Martin Scorsese,http://www.nndb.com/people/678/000022612/,,,,,,,
670454596,FALSE,finalized,3,2/10/15 2:15,"Brooklyn, Ny",1,26-Mar-34,1,White,1,Jewish,1,Straight,1,1,2006,Best Supporting Actor,Little Miss Sunshine,Alan Arkin,http://www.nndb.com/people/777/000022711/,,,,,,,
670454683,FALSE,finalized,3,2/10/15 4:02,"Chiswick, London, England",1,26-Jul-45,1,White,1,Na,1,Straight,1,1,2006,Best Actress,The Queen,Helen Mirren,http://www.nndb.com/people/907/000044775/,,,,,,,
670454597,FALSE,finalized,3,2/10/15 3:50,"Las Palmas De Gran Canaria, Canary Islands",1,1-Mar-69,1,Hispanic,1,Na,1,Straight,1,1,2007,Best Supporting Actor,No Country for Old Men,Javier Bardem,http://www.nndb.com/people/733/000109406/,,,,,,,
670454394,FALSE,finalized,3,2/10/15 3:56,"St. Louis Park, Mn",1,29-Nov-54,1,White,1,Jewish,1,Straight,1,1,2007,Best Director,No Country for Old Men,Joel Coen,http://www.nndb.com/people/399/000025324/,,,,,,,
670454434,FALSE,finalized,3,2/10/15 2:05,"St. Louis Park, Mn",1,21-Sep-57,1,White,1,Jewish,1,Straight,1,1,2007,Best Director,No Country for Old Men,Ethan Coen,http://www.nndb.com/people/400/000025325/,,,,,,,
670454519,FALSE,finalized,3,2/10/15 2:07,"London, England",1,29-Apr-57,1,White,1,Na,1,Straight,1,1,2007,Best Actor,There Will Be Blood,Daniel Day-Lewis,http://www.nndb.com/people/788/000022722/,,,,,,,
670454684,FALSE,finalized,3,2/10/15 2:02,"Paris, France",1,30-Sep-75,1,White,1,Na,1,Straight,1,1,2007,Best Actress,La Vie en Rose,Marion Cotillard,http://www.nndb.com/people/723/000136315/,,,,,,,
670454762,FALSE,finalized,3,2/10/15 2:00,"London, England",1,5-Nov-60,1,White,1,Na,1,Straight,1,1,2007,Best Supporting Actress,Michael Clayton,Tilda Swinton,http://www.nndb.com/people/178/000108851/,,,,,,,
670454763,FALSE,finalized,3,2/10/15 1:59,"Madrid, Spain",1,28-Apr-74,1,Hispanic,1,Buddhist,1,Straight,1,1,2008,Best Supporting Actress,Vicky Cristina Barcelona,Penelope Cruz,http://www.nndb.com/people/748/000025673/,,,,,,,
670454435,TRUE,golden,81,,"Manchester, England",1,20-Oct-56,1,White,1,Roman Catholic,0.9624,Straight,1,0.9643,2008,Best Director,Slumdog Millionaire,Danny Boyle,http://www.nndb.com/people/887/000044755/,,,Roman Catholic,,,,
670454520,FALSE,finalized,3,2/10/15 2:04,"Burbank, Ca",1,17-Aug-60,1,White,1,Roman Catholic,1,Straight,1,1,2008,Best Actor,Milk,Sean Penn,http://www.nndb.com/people/331/000025256/,,,,,,,
670454598,FALSE,finalized,3,2/10/15 1:59,"Perth, Australia",1,4-Apr-79,1,White,1,Na,1,Straight,1,1,2008,Best Supporting Actor,The Dark Knight,Heath Ledger,http://www.nndb.com/people/204/000029117/,,,,,,,
670454685,FALSE,finalized,3,2/10/15 2:02,"Reading, England",1,5-Oct-75,1,White,1,Na,1,Straight,1,1,2008,Best Actress,The Reader,Kate Winslet,http://www.nndb.com/people/582/000023513/,,,,,,,
670945834,FALSE,finalized,3,2/10/15 2:07,"Woodlawn, Md",1,11-Dec-67,1,Black,1,Na,1,Straight,1,1,2009,Best Supporting Actress,Precious,Mo'Nique,http://www.nndb.com/people/836/000131443/,,,,,,,
670454436,FALSE,finalized,3,2/10/15 1:46,"San Carlos, Ca",1,27-Nov-51,1,White,1,Na,1,Straight,1,1,2009,Best Director,The Hurt Locker,Kathryn Bigelow,http://www.nndb.com/people/837/000079600/,,,,,,,
670454521,FALSE,finalized,3,2/10/15 2:05,"Los Angeles, Ca",1,4-Dec-49,1,White,1,Lutheran,1,Straight,1,1,2009,Best Actor,Crazy Heart,Jeff Bridges,http://www.nndb.com/people/779/000022713/,,,,,,,
670454599,FALSE,finalized,3,2/10/15 2:05,Na,1,4-Oct-56,1,White,1,Na,1,Straight,1,1,2009,Best Supporting Actor,Inglourious Basterds,Christoph Waltz,http://www.nndb.com/people/455/000213813/,,,,,,,
670454686,FALSE,finalized,3,2/10/15 2:04,"Arlington, Va",1,26-Jul-64,1,White,1,Na,1,Straight,1,1,2009,Best Actress,The Blind Side,Sandra Bullock,http://www.nndb.com/people/601/000023532/,,,,,,,
670454437,FALSE,finalized,3,2/10/15 1:56,"London, England",1,1972,1,White,1,Na,1,Na,1,1,2010,Best Director,The King's Speech,Tom Hooper,http://www.nndb.com/people/093/000268286/,,,,,,,
670454522,FALSE,finalized,3,2/10/15 2:19,"Grayshott, Hampshire, England",1,10-Sep-60,1,White,1,Na,1,Straight,1,1,2010,Best Actor,The King's Speech,Colin Firth,http://www.nndb.com/people/813/000043684/,,,,,,,
670454600,FALSE,finalized,3,2/10/15 1:59,"Haverfordwest, Pembrokeshire, Wales",1,30-Jan-74,1,White,1,Na,1,Straight,1,1,2010,Best Supporting Actor,The Fighter,Christian Bale,http://www.nndb.com/people/877/000031784/,,,,,,,
670454687,FALSE,finalized,3,2/10/15 2:03,"Jerusalem, Israel",1,9-Jun-81,1,White,1,Jewish,1,Straight,1,1,2010,Best Actress,Black Swan,Natalie Portman,http://www.nndb.com/people/040/000022971/,,,,,,,
670454765,FALSE,finalized,3,2/10/15 1:56,"New York City, Ny",1,14-Sep-60,1,White,1,Na,1,Straight,1,1,2010,Best Supporting Actress,The Fighter,Melissa Leo,http://www.nndb.com/people/327/000042201/,,,,,,,
670454766,FALSE,finalized,3,2/10/15 2:18,"Montgomery, Al",1,25-May-72,1,Black,1,Na,1,Na,1,1,2011,Best Supporting Actress,The Help,Octavia Spencer,http://www.nndb.com/people/304/000281458/,,,,,,,
670454438,FALSE,finalized,3,2/10/15 3:57,"Paris, France",1,29-Mar-67,1,White,1,Jewish,1,Straight,1,1,2011,Best Director,The Artist,Michel Hazanavicius,http://www.nndb.com/people/302/000281456/,,,,,,,
670454523,FALSE,finalized,3,2/10/15 3:53,"Rueil-Malmaison, Hauts-De-Seine, France",1,19-Jun-72,1,White,1,Na,1,Straight,1,1,2011,Best Actor,The Artist,Jean Dujardin,http://www.nndb.com/people/303/000281457/,,,,,,,
670454601,FALSE,finalized,3,2/10/15 1:57,"Toronto, Ontario, Canada",1,13-Dec-29,1,White,1,Na,1,Straight,1,1,2011,Best Supporting Actor,Beginners,Christopher Plummer,http://www.nndb.com/people/316/000023247/,,,,,,,
670454688,FALSE,finalized,3,2/10/15 1:58,"Summit, Nj",1,22-Jun-49,1,White,1,Na,1,Straight,1,1,2011,Best Actress,The Iron Lady,Meryl Streep,http://www.nndb.com/people/001/000024926/,,,,,,,
670454439,FALSE,finalized,3,2/10/15 2:04,"Pingtung, Taiwan",1,23-Oct-54,1,Asian,1,Na,1,Straight,1,1,2012,Best Director,Life of Pi,Ang Lee,http://www.nndb.com/people/394/000025319/,,,,,,,
670454689,FALSE,finalized,3,2/10/15 2:15,"Louisville, Ky",1,15-Aug-90,1,White,1,Na,1,Straight,1,0.6667,2012,Best Actress,Silver Linings Playbook,Jennifer Lawrence,http://www.nndb.com/people/597/000272778/,,,,,,,
670454524,FALSE,finalized,3,2/10/15 2:00,"London, England",1,29-Apr-57,1,White,1,Na,1,Straight,1,1,2012,Best Actor,Lincoln,Daniel Day-Lewis,http://www.nndb.com/people/788/000022722/,,,,,,,
670454602,FALSE,finalized,3,2/10/15 2:00,Na,0.6571,4-Oct-56,1,White,0.6571,Na,1,Straight,0.6571,1,2012,Best Supporting Actor,Django Unchained,Christoph Waltz,http://www.nndb.com/people/455/000213813/,,,,,,,
670454767,FALSE,finalized,3,2/10/15 2:18,"Brooklyn, Ny",1,12-Nov-82,1,White,1,Christian,1,Straight,1,1,2012,Best Supporting Actress,Les Misérables,Anne Hathaway,http://www.nndb.com/people/220/000032124/,,,,,,,
670454768,FALSE,finalized,3,2/10/15 2:10,"Mexico City, Mexico",1,1-Mar-83,1,Black,1,Na,1,Na,1,1,2013,Best Supporting Actress,12 Years a Slave,Lupita Nyong'o,http://www.nndb.com/people/570/000380427/,,,,,,,
,,,,,"Mexico City, Mexico",1,28-Nov-61,1,Hispanic,1,Na,1,Straight,1,1,2013,Best Director,Gravity,Alfonso Cuarón,https://www.nndb.com/people/179/000160696/,,,,,,,
670454525,FALSE,finalized,3,2/10/15 2:18,"Uvalde, Tx",1,4-Nov-69,1,White,1,Na,1,Straight,1,1,2013,Best Actor,Dallas Buyers Club,Matthew McConaughey,http://www.nndb.com/people/583/000023514/,,,,,,,
670454603,FALSE,finalized,3,2/10/15 2:08,"Bossier City, La",1,26-Dec-71,1,White,1,Na,1,Straight,1,1,2013,Best Supporting Actor,Dallas Buyers Club,Jared Leto,http://www.nndb.com/people/438/000026360/,,,,,,,
670454690,FALSE,finalized,3,2/10/15 2:13,"Melbourne, Victoria, Australia",1,14-May-69,1,White,1,Na,1,Straight,1,1,2013,Best Actress,Blue Jasmine,Cate Blanchett,http://www.nndb.com/people/222/000026144/,,,,,,,
,,,,,"Fort Bragg, NC",,3-Dec-60,,White,,Na,,Straight,,,2014,Best Actress,Still Alice,Julianne Moore,https://www.nndb.com/people/670/000023601/,,,,,,,
,,,,,"Chicago, Il",,8-Apr-68,,White,,Jewish,,Straight,,,2014,Best Supporting Actress,Boyhood,Patricia Arquette ,https://www.nndb.com/people/207/000026129/,,,,,,,
,,,,,"London, England",,6-Jan-82,,White,,Na,,Straight,,,2014,Best Actor,The Theory of Everything ,Eddie Redmayne,https://www.nndb.com/people/467/000269657/,,,,,,,
,,,,,"Detroit, Mi",,9-Jan-55,,White,,Na,,Straight,,,2014,Best Supporting Actor,Whiplash,J.K. Simmons,https://www.nndb.com/people/185/000026107/,,,,,,,
,,,,,"Mexico City, Mexico",,15-Aug-63,,Hispanic,,Na,,Straight,,,2014,Best Director,Birdman,Alejandro G. Iñárritu,https://www.nndb.com/people/940/000366839/,,,,,,,
,,,,,"Scaramento, Ca",,1-Oct-89,,White,,Na,,Straight,,,2015,Best Actress,Room,Brie Larson,https://www.nndb.com/people/625/000162139/,,,,,,,
,,,,,"Gothenburg, Sweden",,3-Oct-88,,White,,Na,,Straight,,,2015,Best Supporting Actress,The Danish Girl,Alicia Vikander,https://www.nndb.com/people/549/000400346/,,,,,,,
,,,,,"Hollywood, Ca",,11-Nov-74,,White,,Na ,,Straight,,,2015,Best Actor,The Revenant,Leonardo DiCaprio,https://www.nndb.com/people/581/000023512/,,,,,,,
,,,,,"Ashford, Kent, England",,18-Jan-60,,White,,Na ,,Straight,,,2015,Best Supporting Actor,Bridge of Spies,Mark Rylance,https://www.nndb.com/people/171/000400965/,,,,,,,
,,,,,"Mexico City, Mexico",,15-Aug-63,,Hispanic,,Na,,Straight,,,2015,Best Director,The Revenant,Alejandro G. Iñárritu,https://www.nndb.com/people/940/000366839/,,,,,,,
,,,,,"Scottsdale, Az",,6-Nov-88,,White,,Na ,,Straight,,,2016,Best Actress,La La Land,Emma Stone,https://www.nndb.com/people/665/000268858/,,,,,,,
,,,,,"Saint Matthews, Sc",,11-Aug-65,,Black,,Na,,Straight,,,2016,Best Supporting Actress,Fences,Viola Davis,https://www.nndb.com/people/138/000131742/,,,,,,,
,,,,,"Falmouth, Ma",,12-Aug-75,,White,,Na,,Straight,,,2016,Best Actor,Manchester by the Sea,Casey Affleck,https://www.nndb.com/people/339/000026261/,,,,,,,
,,,,,"Oakland, Ca",,16-Feb-74,,Black,,Muslim,,Straight,,,2016,Best Supporting Actor,Moonlight,Mahershala Ali,https://www.nndb.com/people/589/000395401/,,,,,,,
,,,,,"Providence, RI",,19-Jan-85,,White,,Na,,Straight,,,2016,Best Director,La La Land,Damien Chazelle,https://www.nndb.com/people/096/000402884/,,,,,,,
,,,,,"Chicago, Il",,23-Jun-57,,White,,Disciples of Christ,,Straight,,,2017,Best Actress,"Three Billboards outside Ebbing, Missouri",Frances McDormand,https://www.nndb.com/people/517/000025442/,,,,,,,
,,,,,"Dayton, Oh",,19-Nov-59,,White,,Na,,Straight,,,2017,Best Supporting Actress,"I, Tonya",Allison Janney,https://www.nndb.com/people/258/000082012/,,,,,,,
,,,,,"New Cross, South London, England",,21-Mar-58,,White,,Na,,Straight,,,2017,Best Actor,Darkest Hour,Gary Oldman,https://www.nndb.com/people/550/000022484/,,,,,,,
,,,,,"Daly City, Ca",,5-Nov-68,,White,,Na,,Straight,,,2017,Best Supporting Actor,"Three Billboards outside Ebbing, Missouri",Sam Rockwell,https://www.nndb.com/people/926/000108602/,,,,,,,
,,,,,"Guadalajara, Jalisco, Mexico",,9-Oct-64,,Hispanic,,Na,,Straight,,,2017,Best Director,The Shape of Water,Guillermo del Toro,https://www.nndb.com/people/569/000044437/,,,,,,,
,,,,,"Norfolk, England",,30-Jan-74,,White,,Na,,Straight,,,2018,Best Actress,The Favourite,Olivia Colman,https://www.nndb.com/people/884/000353822/,,,,,,,
,,,,,"Los Angeles, Ca",,15-Jan-71,,Black,,Na,,Straight,,,2018,Best Supporting Actress,If Beale Street Could Talk,Regina King,https://www.nndb.com/people/894/000108570/,,,,,,,
,,,,,"Los Angeles, Ca",,12-May-81,,Middle Eastern,,Na,,Straight,,,2018,Best Actor,Bohemian Rhapsody,Rami Malek,https://www.nndb.com/people/575/000350522/,,,,,,,
,,,,,"Oakland, Ca",,16-Feb-74,,Black,,Muslim,,Straight,,,2018,Best Supporting Actor,Green Book,Mahershala Ali,https://www.nndb.com/people/589/000395401/,,,,,,,
,,,,,"Mexico City, Mexico",,28-Nov-61,,Hispanic,,Na,,Straight,,,2018,Best Director,Roma,Alfonso Cuarón,https://www.nndb.com/people/179/000160696/,,,,,,,
,,,,,"Katy, Tx",,25-Apr-69,,White,,Na,,Straight,,,2019,Best Actress,Judy,Renée Zellweger,https://www.nndb.com/people/708/000024636/,,,,,,,
,,,,,"Los Angeles, Ca",,10-Feb-67,,White,,Na,,Straight,,,2019,Best Supporting Actress,Marriage Story,Laura Dern,https://www.nndb.com/people/564/000023495/,,,,,,,
,,,,,"San Juan, Puerto Rico",,28-Oct-74,,White,,Na,,Straight,,,2019,Best Actor,Joker,Joaquin Phoenix,https://www.nndb.com/people/898/000025823/,,,,,,,
,,,,,"Shawnee, Ok",,18-Dec-63,,White,,Na,,Straight,,,2019,Best Supporting Actor,Once upon a Time…in Hollywood,Brad Pitt,https://www.nndb.com/people/688/000025613/,,,,,,,
,,,,,"Daegu, South Korea",,14-Sep-69,,Asian,,Na,,Straight,,,2019,Best Director,Parasite,Bong Joon Ho,,,,,,,,